/*
 Navicat MySQL Data Transfer

 Source Server         : LocalHost
 Source Server Type    : MySQL
 Source Server Version : 50635
 Source Host           : 127.0.0.1
 Source Database       : ydjy

 Target Server Type    : MySQL
 Target Server Version : 50635
 File Encoding         : utf-8

 Date: 12/14/2017 14:17:31 PM
*/

SET NAMES utf8;
SET FOREIGN_KEY_CHECKS = 0;

-- ----------------------------
--  Table structure for `admin_menu`
-- ----------------------------
DROP TABLE IF EXISTS `admin_menu`;
CREATE TABLE `admin_menu` (
  `id` int(10) unsigned NOT NULL AUTO_INCREMENT,
  `parent_id` int(11) NOT NULL DEFAULT '0',
  `order` int(11) NOT NULL DEFAULT '0',
  `title` varchar(50) COLLATE utf8_unicode_ci NOT NULL,
  `icon` varchar(50) COLLATE utf8_unicode_ci NOT NULL,
  `uri` varchar(50) COLLATE utf8_unicode_ci DEFAULT NULL,
  `created_at` timestamp NULL DEFAULT NULL,
  `updated_at` timestamp NULL DEFAULT NULL,
  PRIMARY KEY (`id`)
) ENGINE=InnoDB AUTO_INCREMENT=20 DEFAULT CHARSET=utf8 COLLATE=utf8_unicode_ci;

-- ----------------------------
--  Records of `admin_menu`
-- ----------------------------
BEGIN;
INSERT INTO `admin_menu` VALUES ('1', '0', '1', 'Index', 'fa-bar-chart', '/', null, null), ('2', '0', '2', 'Admin', 'fa-tasks', '', null, null), ('3', '2', '3', 'Users', 'fa-users', 'auth/users', null, null), ('4', '2', '4', 'Roles', 'fa-user', 'auth/roles', null, null), ('5', '2', '5', 'Permission', 'fa-ban', 'auth/permissions', null, null), ('6', '2', '6', 'Menu', 'fa-bars', 'auth/menu', null, null), ('7', '2', '7', 'Operation log', 'fa-history', 'auth/logs', null, null), ('8', '10', '9', '新闻情报', 'fa-file-text-o', 'intelligence', '2017-11-14 09:01:50', '2017-11-22 10:29:27'), ('9', '10', '10', '帮助文档', 'fa-book', 'help-doc', '2017-11-16 10:16:16', '2017-11-22 10:29:27'), ('10', '0', '8', '公告帮助', 'fa-copy', null, '2017-11-22 10:28:37', '2017-11-22 10:29:27'), ('11', '0', '0', '官网内容', 'fa-home', null, '2017-11-30 06:56:38', '2017-11-30 06:56:38'), ('12', '11', '0', '关于艺动', 'fa-info', 'introduction', '2017-11-30 06:57:08', '2017-11-30 06:57:08'), ('13', '11', '0', '师资团队', 'fa-street-view', 'teacher', '2017-11-30 12:19:30', '2017-11-30 12:19:30'), ('14', '11', '0', '学员风采', 'fa-child', 'student', '2017-12-03 14:21:14', '2017-12-03 14:21:14'), ('15', '11', '0', '教学环境', 'fa-photo', 'classroom', '2017-12-04 06:04:44', '2017-12-04 06:04:44'), ('16', '0', '0', '培训课程', 'fa-book', null, '2017-12-05 10:18:33', '2017-12-05 10:18:33'), ('17', '16', '0', '课程安排', 'fa-leanpub', 'class', '2017-12-05 10:19:28', '2017-12-05 10:19:28'), ('18', '0', '0', '艺术升学', 'fa-bank', null, '2017-12-12 09:45:40', '2017-12-12 09:45:40'), ('19', '18', '0', '传媒艺考', 'fa-pencil', 'media', '2017-12-12 09:47:28', '2017-12-12 09:47:28');
COMMIT;

-- ----------------------------
--  Table structure for `admin_operation_log`
-- ----------------------------
DROP TABLE IF EXISTS `admin_operation_log`;
CREATE TABLE `admin_operation_log` (
  `id` int(10) unsigned NOT NULL AUTO_INCREMENT,
  `user_id` int(11) NOT NULL,
  `path` varchar(255) COLLATE utf8_unicode_ci NOT NULL,
  `method` varchar(10) COLLATE utf8_unicode_ci NOT NULL,
  `ip` varchar(15) COLLATE utf8_unicode_ci NOT NULL,
  `input` text COLLATE utf8_unicode_ci NOT NULL,
  `created_at` timestamp NULL DEFAULT NULL,
  `updated_at` timestamp NULL DEFAULT NULL,
  PRIMARY KEY (`id`),
  KEY `admin_operation_log_user_id_index` (`user_id`)
) ENGINE=InnoDB AUTO_INCREMENT=378 DEFAULT CHARSET=utf8 COLLATE=utf8_unicode_ci;

-- ----------------------------
--  Records of `admin_operation_log`
-- ----------------------------
BEGIN;
INSERT INTO `admin_operation_log` VALUES ('1', '1', 'admin/auth/users', 'GET', '::1', '{\"_pjax\":\"#pjax-container\"}', '2017-11-23 06:46:32', '2017-11-23 06:46:32'), ('2', '1', 'admin/auth/users', 'GET', '::1', '{\"_pjax\":\"#pjax-container\"}', '2017-11-23 06:46:32', '2017-11-23 06:46:32'), ('3', '1', 'admin/auth/logout', 'GET', '::1', '{\"_pjax\":\"#pjax-container\"}', '2017-11-23 06:46:37', '2017-11-23 06:46:37'), ('4', '2', 'admin', 'GET', '::1', '[]', '2017-11-23 06:46:45', '2017-11-23 06:46:45'), ('5', '1', 'admin', 'GET', '::1', '[]', '2017-11-30 06:56:08', '2017-11-30 06:56:08'), ('6', '1', 'admin/auth/menu', 'GET', '::1', '{\"_pjax\":\"#pjax-container\"}', '2017-11-30 06:56:15', '2017-11-30 06:56:15'), ('7', '1', 'admin/auth/menu', 'POST', '::1', '{\"parent_id\":\"0\",\"title\":\"\\u5b98\\u7f51\\u5185\\u5bb9\",\"icon\":\"fa-home\",\"uri\":null,\"roles\":[\"1\",\"2\",null],\"_token\":\"tKIRuntB4UAutX1RNnxIVoGJJGfYlyCr1Dr4i49Z\"}', '2017-11-30 06:56:38', '2017-11-30 06:56:38'), ('8', '1', 'admin/auth/menu', 'GET', '::1', '[]', '2017-11-30 06:56:38', '2017-11-30 06:56:38'), ('9', '1', 'admin/auth/menu', 'POST', '::1', '{\"parent_id\":\"11\",\"title\":\"\\u5173\\u4e8e\\u827a\\u52a8\",\"icon\":\"fa-info\",\"uri\":\"introduction\",\"roles\":[\"1\",\"2\",null],\"_token\":\"tKIRuntB4UAutX1RNnxIVoGJJGfYlyCr1Dr4i49Z\"}', '2017-11-30 06:57:08', '2017-11-30 06:57:08'), ('10', '1', 'admin/auth/menu', 'GET', '::1', '[]', '2017-11-30 06:57:08', '2017-11-30 06:57:08'), ('11', '1', 'admin/auth/menu', 'GET', '::1', '[]', '2017-11-30 06:57:11', '2017-11-30 06:57:11'), ('12', '1', 'admin/introduction', 'GET', '::1', '{\"_pjax\":\"#pjax-container\"}', '2017-11-30 06:57:13', '2017-11-30 06:57:13'), ('13', '1', 'admin/introduction/create', 'GET', '::1', '{\"_pjax\":\"#pjax-container\"}', '2017-11-30 06:57:17', '2017-11-30 06:57:17'), ('14', '1', 'admin/introduction/1/edit', 'GET', '::1', '[]', '2017-11-30 06:59:45', '2017-11-30 06:59:45'), ('15', '1', 'admin/introduction', 'GET', '::1', '[]', '2017-11-30 06:59:49', '2017-11-30 06:59:49'), ('16', '1', 'admin/introduction', 'GET', '::1', '{\"_pjax\":\"#pjax-container\"}', '2017-11-30 06:59:51', '2017-11-30 06:59:51'), ('17', '1', 'admin/introduction/create', 'GET', '::1', '{\"_pjax\":\"#pjax-container\"}', '2017-11-30 06:59:52', '2017-11-30 06:59:52'), ('18', '1', 'admin/introduction', 'POST', '::1', '{\"summary\":\"\\u827a\\u52a8\\u6559\\u80b2\\uff0c\\u5168\\u79f0\\u4e1c\\u839e\\u5e02\\u827a\\u52a8\\u6559\\u80b2\\u6295\\u8d44\\u6709\\u9650\\u516c\\u53f8\\uff0c\\u516c\\u53f8\\u6838\\u5fc3\\u56e2\\u961f\\u81ea2010\\u5e74\\u8d77\\u4ece\\u4e8b\\u827a\\u672f\\u6559\\u80b2\\u9879\\u76ee\\uff0c\\u5e76\\u4e8e2017\\u5e74\\u8fdb\\u884c\\u9879\\u76ee\\u67b6\\u6784\\u548c\\u6559\\u5b66\\u573a\\u5730\\u5347\\u7ea7\\uff0c\\u662f\\u901a\\u8fc7\\u4e1c\\u839e\\u5e02\\u6559\\u80b2\\u5c40\\u5ba1\\u6279\\u7684\\u6b63\\u89c4\\u6301\\u8bc1\\u8bfe\\u5916\\u827a\\u672f\\u57f9\\u8bad\\u670d\\u52a1\\u673a\\u6784\\u3002\",\"slogan\":\"\\u56e0\\u827a\\u800c\\u52a8 MOVING FOR ART\",\"status\":\"\\u542f\\u7528\",\"_token\":\"tKIRuntB4UAutX1RNnxIVoGJJGfYlyCr1Dr4i49Z\",\"_previous_\":\"http:\\/\\/localhost\\/admin\\/introduction\",\"content\":\"<p>\\u76ee\\u524d\\uff0c\\u51ed\\u501f\\u7740\\u591a\\u5143\\u5316\\u7684\\u827a\\u672f\\u6559\\u80b2\\u8d44\\u6e90\\u4f18\\u52bf\\uff0c\\u6574\\u5408\\u8986\\u76d6\\u56fd\\u5185\\u5916\\u7684\\u827a\\u672f\\u5347\\u5b66\\u6e20\\u9053\\uff0c\\u827a\\u52a8\\u6559\\u80b2\\u7684\\u827a\\u672f\\u5347\\u5b66\\u4e13\\u6ce8\\u4e8e\\u4f20\\u5a92\\u827a\\u672f\\u548c\\u7f8e\\u672f\\u4e24\\u5927\\u8303\\u7574\\uff0c\\u670d\\u52a1\\u9879\\u76ee\\u5305\\u62ec\\uff1a\\u4f20\\u5a92\\u4f20\\u5a92\\u827a\\u8003\\u3001\\u7f8e\\u672f\\u827a\\u8003\\u3001\\u521d\\u4e2d\\u7f8e\\u672f\\u7279\\u957f\\u751f\\u3001\\u827a<\\/p><p style=\\\"white-space: normal;\\\">\\u672f\\u7559\\u5b66\\u3001\\u827a\\u672f\\u6e38\\u5b66\\u3001\\u56fd\\u9645\\u4ea4\\u6362\\u751f\\u3001\\u5916\\u8bed\\u57f9\\u8bad\\u7b49\\u3002<\\/p><p style=\\\"white-space: normal;\\\"><br\\/><\\/p><p style=\\\"white-space: normal;\\\">\\u4e3a\\u5e74\\u9f84\\u6bb5\\u4ece\\u521d\\u4e2d\\u5230\\u5927\\u5b66\\u7684\\u5b66\\u5458\\u5728\\u827a\\u672f\\u5347\\u5b66\\u7684\\u9053\\u8def\\u4e0a\\u63d0\\u4f9b\\u670d\\u52a1\\u548c\\u5e2e\\u52a9\\u3002\\u6211\\u4eec\\u5c0a\\u91cd\\u6bcf\\u4e00\\u4f4d\\u5b66\\u5458\\u7684\\u5174\\u8da3\\u53ca\\u827a\\u672f\\u5929\\u8d4b\\uff0c\\u9075\\u5faa\\u56fd\\u5185\\u5916\\u5404\\u5927\\u827a\\u672f\\u9662\\u6821\\u7684\\u4eba\\u624d\\u9009\\u62d4\\u673a\\u5236\\u548c\\u89c4\\u5f8b\\uff0c\\u5168\\u7a0b\\u4e3a\\u5b66\\u5458\\u5b9a\\u5236\\u51fa\\u6700\\u4f18\\u7684\\u827a\\u672f\\u5347\\u5b66\\u89c4\\u5212\\uff0c\\u529b\\u6c42\\u6210\\u4e3a\\u60a8\\u8003\\u53d6\\u7406\\u60f3\\u827a\\u672f\\u9662\\u6821\\u7684\\u5b9e\\u529b\\u62a4\\u822a\\u8005\\uff01<\\/p><p><br\\/><\\/p><p><br\\/><\\/p>\"}', '2017-11-30 07:01:13', '2017-11-30 07:01:13'), ('19', '1', 'admin/introduction', 'GET', '::1', '[]', '2017-11-30 07:01:13', '2017-11-30 07:01:13'), ('20', '1', 'admin/introduction/1/edit', 'GET', '::1', '{\"_pjax\":\"#pjax-container\"}', '2017-11-30 07:01:28', '2017-11-30 07:01:28'), ('21', '1', 'admin/introduction/1', 'PUT', '::1', '{\"summary\":\"\\u827a\\u52a8\\u6559\\u80b2\\uff0c\\u5168\\u79f0\\u4e1c\\u839e\\u5e02\\u827a\\u52a8\\u6559\\u80b2\\u6295\\u8d44\\u6709\\u9650\\u516c\\u53f8\\uff0c\\u516c\\u53f8\\u6838\\u5fc3\\u56e2\\u961f\\u81ea2010\\u5e74\\u8d77\\u4ece\\u4e8b\\u827a\\u672f\\u6559\\u80b2\\u9879\\u76ee\\uff0c\\u5e76\\u4e8e2017\\u5e74\\u8fdb\\u884c\\u9879\\u76ee\\u67b6\\u6784\\u548c\\u6559\\u5b66\\u573a\\u5730\\u5347\\u7ea7\\uff0c\\u662f\\u901a\\u8fc7\\u4e1c\\u839e\\u5e02\\u6559\\u80b2\\u5c40\\u5ba1\\u6279\\u7684\\u6b63\\u89c4\\u6301\\u8bc1\\u8bfe\\u5916\\u827a\\u672f\\u57f9\\u8bad\\u670d\\u52a1\\u673a\\u6784\\u3002\",\"slogan\":\"\\u56e0\\u827a\\u800c\\u52a8 MOVING FOR ART\",\"status\":\"\\u542f\\u7528\",\"_token\":\"tKIRuntB4UAutX1RNnxIVoGJJGfYlyCr1Dr4i49Z\",\"_method\":\"PUT\",\"_previous_\":\"http:\\/\\/localhost\\/admin\\/introduction\",\"content\":\"<p>\\u76ee\\u524d\\uff0c\\u51ed\\u501f\\u7740\\u591a\\u5143\\u5316\\u7684\\u827a\\u672f\\u6559\\u80b2\\u8d44\\u6e90\\u4f18\\u52bf\\uff0c\\u6574\\u5408\\u8986\\u76d6\\u56fd\\u5185\\u5916\\u7684\\u827a\\u672f\\u5347\\u5b66\\u6e20\\u9053\\uff0c\\u827a\\u52a8\\u6559\\u80b2\\u7684\\u827a\\u672f\\u5347\\u5b66\\u4e13\\u6ce8\\u4e8e\\u4f20\\u5a92\\u827a\\u672f\\u548c\\u7f8e\\u672f\\u4e24\\u5927\\u8303\\u7574\\uff0c\\u670d\\u52a1\\u9879\\u76ee\\u5305\\u62ec\\uff1a\\u4f20\\u5a92\\u4f20\\u5a92\\u827a\\u8003\\u3001\\u7f8e\\u672f\\u827a\\u8003\\u3001\\u521d\\u4e2d\\u7f8e\\u672f\\u7279\\u957f\\u751f\\u3001\\u827a\\u672f\\u7559\\u5b66\\u3001\\u827a\\u672f\\u6e38\\u5b66\\u3001\\u56fd\\u9645\\u4ea4\\u6362\\u751f\\u3001\\u5916\\u8bed\\u57f9\\u8bad\\u7b49\\u3002<\\/p><p style=\\\"white-space: normal;\\\"><br\\/><\\/p><p style=\\\"white-space: normal;\\\">\\u4e3a\\u5e74\\u9f84\\u6bb5\\u4ece\\u521d\\u4e2d\\u5230\\u5927\\u5b66\\u7684\\u5b66\\u5458\\u5728\\u827a\\u672f\\u5347\\u5b66\\u7684\\u9053\\u8def\\u4e0a\\u63d0\\u4f9b\\u670d\\u52a1\\u548c\\u5e2e\\u52a9\\u3002\\u6211\\u4eec\\u5c0a\\u91cd\\u6bcf\\u4e00\\u4f4d\\u5b66\\u5458\\u7684\\u5174\\u8da3\\u53ca\\u827a\\u672f\\u5929\\u8d4b\\uff0c\\u9075\\u5faa\\u56fd\\u5185\\u5916\\u5404\\u5927\\u827a\\u672f\\u9662\\u6821\\u7684\\u4eba\\u624d\\u9009\\u62d4\\u673a\\u5236\\u548c\\u89c4\\u5f8b\\uff0c\\u5168\\u7a0b\\u4e3a\\u5b66\\u5458\\u5b9a\\u5236\\u51fa\\u6700\\u4f18\\u7684\\u827a\\u672f\\u5347\\u5b66\\u89c4\\u5212\\uff0c\\u529b\\u6c42\\u6210\\u4e3a\\u60a8\\u8003\\u53d6\\u7406\\u60f3\\u827a\\u672f\\u9662\\u6821\\u7684\\u5b9e\\u529b\\u62a4\\u822a\\u8005\\uff01<\\/p><p><br\\/><\\/p><p><br\\/><\\/p>\"}', '2017-11-30 07:01:34', '2017-11-30 07:01:34'), ('22', '1', 'admin/introduction', 'GET', '::1', '[]', '2017-11-30 07:01:34', '2017-11-30 07:01:34'), ('23', '1', 'admin', 'GET', '::1', '{\"_pjax\":\"%23pjax-container\"}', '2017-11-30 07:02:36', '2017-11-30 07:02:36'), ('24', '1', 'admin/intelligence', 'GET', '::1', '{\"_pjax\":\"#pjax-container\"}', '2017-11-30 07:02:41', '2017-11-30 07:02:41'), ('25', '1', 'admin/help-doc', 'GET', '::1', '{\"_pjax\":\"#pjax-container\"}', '2017-11-30 07:02:42', '2017-11-30 07:02:42'), ('26', '1', 'admin/introduction', 'GET', '::1', '{\"_pjax\":\"#pjax-container\"}', '2017-11-30 07:02:43', '2017-11-30 07:02:43'), ('27', '1', 'admin', 'GET', '::1', '[]', '2017-11-30 12:18:08', '2017-11-30 12:18:08'), ('28', '1', 'admin/auth/menu', 'GET', '::1', '{\"_pjax\":\"#pjax-container\"}', '2017-11-30 12:18:16', '2017-11-30 12:18:16'), ('29', '1', 'admin/auth/menu', 'POST', '::1', '{\"parent_id\":\"11\",\"title\":\"\\u5e08\\u8d44\\u56e2\\u961f\",\"icon\":\"fa-street-view\",\"uri\":\"teacher\",\"roles\":[\"1\",\"2\",null],\"_token\":\"vbXGfArEdiEmanWOwAFxR9w46Cuk39WQBgXRhRQP\"}', '2017-11-30 12:19:30', '2017-11-30 12:19:30'), ('30', '1', 'admin/auth/menu', 'GET', '::1', '[]', '2017-11-30 12:19:31', '2017-11-30 12:19:31'), ('31', '1', 'admin/auth/menu', 'GET', '::1', '[]', '2017-11-30 12:19:34', '2017-11-30 12:19:34'), ('32', '1', 'admin/auth/menu', 'GET', '::1', '[]', '2017-11-30 12:19:57', '2017-11-30 12:19:57'), ('33', '1', 'admin/teacher', 'GET', '::1', '{\"_pjax\":\"#pjax-container\"}', '2017-11-30 12:19:59', '2017-11-30 12:19:59'), ('34', '1', 'admin/teacher/create', 'GET', '::1', '{\"_pjax\":\"#pjax-container\"}', '2017-11-30 12:20:01', '2017-11-30 12:20:01'), ('35', '1', 'admin/teacher/create', 'GET', '::1', '[]', '2017-11-30 12:20:37', '2017-11-30 12:20:37'), ('36', '1', 'admin/teacher/create', 'GET', '::1', '[]', '2017-12-01 02:32:45', '2017-12-01 02:32:45'), ('37', '1', 'admin/auth/login', 'GET', '::1', '[]', '2017-12-01 02:33:17', '2017-12-01 02:33:17'), ('38', '1', 'admin', 'GET', '::1', '[]', '2017-12-01 02:33:21', '2017-12-01 02:33:21'), ('39', '1', 'admin/teacher', 'GET', '::1', '{\"_pjax\":\"#pjax-container\"}', '2017-12-01 02:33:23', '2017-12-01 02:33:23'), ('40', '1', 'admin/teacher/create', 'GET', '::1', '{\"_pjax\":\"#pjax-container\"}', '2017-12-01 02:33:24', '2017-12-01 02:33:24'), ('41', '1', 'admin/teacher/create', 'GET', '::1', '[]', '2017-12-01 02:40:49', '2017-12-01 02:40:49'), ('42', '1', 'admin/teacher', 'POST', '::1', '{\"name\":\"Test\",\"position\":\"tEst\",\"title\":\"teSt\",\"description\":\"tesT\",\"status\":\"\\u542f\\u7528\",\"_token\":\"Vs2BN3jgjyGQYxihY4PCvJ9HQhR004eAw4W7WQFg\"}', '2017-12-01 02:41:23', '2017-12-01 02:41:23'), ('43', '1', 'admin/teacher/create', 'GET', '::1', '[]', '2017-12-01 02:41:23', '2017-12-01 02:41:23'), ('44', '1', 'admin/teacher', 'POST', '::1', '{\"name\":\"Test\",\"position\":\"tEst\",\"title\":\"teSt\",\"description\":\"tesT\",\"status\":\"\\u542f\\u7528\",\"_token\":\"Vs2BN3jgjyGQYxihY4PCvJ9HQhR004eAw4W7WQFg\"}', '2017-12-01 02:42:26', '2017-12-01 02:42:26'), ('45', '1', 'admin/teacher', 'GET', '::1', '[]', '2017-12-01 02:42:26', '2017-12-01 02:42:26'), ('46', '1', 'admin/teacher/1/edit', 'GET', '::1', '{\"_pjax\":\"#pjax-container\"}', '2017-12-01 02:43:10', '2017-12-01 02:43:10'), ('47', '1', 'admin/teacher/1', 'PUT', '::1', '{\"name\":\"Test\",\"position\":\"tEst\",\"title\":\"teSt\",\"description\":\"tesT\",\"status\":\"\\u542f\\u7528\",\"_token\":\"Vs2BN3jgjyGQYxihY4PCvJ9HQhR004eAw4W7WQFg\",\"_method\":\"PUT\",\"_previous_\":\"http:\\/\\/localhost\\/admin\\/teacher\"}', '2017-12-01 02:43:29', '2017-12-01 02:43:29'), ('48', '1', 'admin/teacher', 'GET', '::1', '[]', '2017-12-01 02:43:30', '2017-12-01 02:43:30'), ('49', '1', 'admin/teacher', 'GET', '::1', '[]', '2017-12-01 03:45:10', '2017-12-01 03:45:10'), ('50', '1', 'admin/teacher', 'GET', '::1', '[]', '2017-12-01 03:45:26', '2017-12-01 03:45:26'), ('51', '1', 'admin/teacher', 'GET', '::1', '[]', '2017-12-01 03:46:00', '2017-12-01 03:46:00'), ('52', '1', 'admin/teacher', 'GET', '::1', '[]', '2017-12-01 03:46:25', '2017-12-01 03:46:25'), ('53', '1', 'admin/teacher', 'GET', '::1', '[]', '2017-12-01 03:46:45', '2017-12-01 03:46:45'), ('54', '1', 'admin/teacher', 'GET', '::1', '[]', '2017-12-01 03:51:22', '2017-12-01 03:51:22'), ('55', '1', 'admin/teacher/create', 'GET', '::1', '[]', '2017-12-01 06:36:23', '2017-12-01 06:36:23'), ('56', '1', 'admin/teacher/create', 'GET', '::1', '[]', '2017-12-01 06:36:24', '2017-12-01 06:36:24'), ('57', '1', 'admin/teacher', 'POST', '::1', '{\"name\":\"2\",\"position\":\"3\",\"title\":\"4\",\"description\":\"5\",\"status\":\"\\u542f\\u7528\",\"_token\":\"CmRZxusHCzL2rJvywa2eH9fZ5wlge9ZOkAMPwB3e\"}', '2017-12-01 06:36:32', '2017-12-01 06:36:32'), ('58', '1', 'admin/teacher', 'GET', '::1', '[]', '2017-12-01 06:36:32', '2017-12-01 06:36:32'), ('59', '1', 'admin/teacher/create', 'GET', '::1', '{\"_pjax\":\"#pjax-container\"}', '2017-12-01 06:36:54', '2017-12-01 06:36:54'), ('60', '1', 'admin/teacher', 'POST', '::1', '{\"name\":\"4\",\"position\":\"5\",\"title\":\"6\",\"description\":\"1\",\"status\":\"\\u542f\\u7528\",\"_token\":\"CmRZxusHCzL2rJvywa2eH9fZ5wlge9ZOkAMPwB3e\",\"_previous_\":\"http:\\/\\/localhost\\/admin\\/teacher\"}', '2017-12-01 06:37:02', '2017-12-01 06:37:02'), ('61', '1', 'admin/teacher', 'GET', '::1', '[]', '2017-12-01 06:37:03', '2017-12-01 06:37:03'), ('62', '1', 'admin', 'GET', '::1', '[]', '2017-12-01 07:22:03', '2017-12-01 07:22:03'), ('63', '1', 'admin/teacher', 'GET', '::1', '{\"_pjax\":\"#pjax-container\"}', '2017-12-01 07:22:05', '2017-12-01 07:22:05'), ('64', '1', 'admin/teacher', 'GET', '::1', '[]', '2017-12-01 07:23:50', '2017-12-01 07:23:50'), ('65', '1', 'admin/teacher', 'GET', '::1', '{\"_pjax\":\"#pjax-container\"}', '2017-12-01 07:24:02', '2017-12-01 07:24:02'), ('66', '1', 'admin/teacher', 'GET', '::1', '[]', '2017-12-01 07:24:04', '2017-12-01 07:24:04'), ('67', '1', 'admin/teacher', 'GET', '::1', '{\"_pjax\":\"#pjax-container\"}', '2017-12-01 07:24:06', '2017-12-01 07:24:06'), ('68', '1', 'admin/teacher', 'GET', '::1', '[]', '2017-12-01 07:24:14', '2017-12-01 07:24:14'), ('69', '1', 'admin/teacher/1/edit', 'GET', '::1', '{\"_pjax\":\"#pjax-container\"}', '2017-12-01 07:24:18', '2017-12-01 07:24:18'), ('70', '1', 'admin/teacher/1/edit', 'GET', '::1', '[]', '2017-12-01 07:26:58', '2017-12-01 07:26:58'), ('71', '1', 'admin/teacher/1', 'PUT', '::1', '{\"name\":\"Test\",\"position\":\"tEst\",\"title\":\"teSt\",\"description\":\"tesT\",\"view_level\":\"1\",\"status\":\"\\u542f\\u7528\",\"_token\":\"CmRZxusHCzL2rJvywa2eH9fZ5wlge9ZOkAMPwB3e\",\"_method\":\"PUT\"}', '2017-12-01 07:27:04', '2017-12-01 07:27:04'), ('72', '1', 'admin/teacher', 'GET', '::1', '[]', '2017-12-01 07:27:05', '2017-12-01 07:27:05'), ('73', '1', 'admin/teacher/2/edit', 'GET', '::1', '{\"_pjax\":\"#pjax-container\"}', '2017-12-01 07:27:08', '2017-12-01 07:27:08'), ('74', '1', 'admin/teacher/2', 'PUT', '::1', '{\"name\":\"2\",\"position\":\"3\",\"title\":\"4\",\"description\":\"5\",\"view_level\":\"0\",\"status\":\"\\u542f\\u7528\",\"_token\":\"CmRZxusHCzL2rJvywa2eH9fZ5wlge9ZOkAMPwB3e\",\"_method\":\"PUT\",\"_previous_\":\"http:\\/\\/localhost\\/admin\\/teacher\"}', '2017-12-01 07:27:11', '2017-12-01 07:27:11'), ('75', '1', 'admin/teacher', 'GET', '::1', '[]', '2017-12-01 07:27:11', '2017-12-01 07:27:11'), ('76', '1', 'admin/teacher/3/edit', 'GET', '::1', '{\"_pjax\":\"#pjax-container\"}', '2017-12-01 07:27:12', '2017-12-01 07:27:12'), ('77', '1', 'admin/teacher/3', 'PUT', '::1', '{\"name\":\"4\",\"position\":\"5\",\"title\":\"6\",\"description\":\"1\",\"view_level\":\"2\",\"status\":\"\\u542f\\u7528\",\"_token\":\"CmRZxusHCzL2rJvywa2eH9fZ5wlge9ZOkAMPwB3e\",\"_method\":\"PUT\",\"_previous_\":\"http:\\/\\/localhost\\/admin\\/teacher\"}', '2017-12-01 07:27:17', '2017-12-01 07:27:17'), ('78', '1', 'admin/teacher', 'GET', '::1', '[]', '2017-12-01 07:27:17', '2017-12-01 07:27:17'), ('79', '1', 'admin/teacher', 'GET', '::1', '[]', '2017-12-01 07:38:53', '2017-12-01 07:38:53'), ('80', '1', 'admin/teacher', 'GET', '::1', '[]', '2017-12-01 07:39:14', '2017-12-01 07:39:14'), ('81', '1', 'admin/teacher', 'GET', '::1', '{\"_pjax\":\"#pjax-container\"}', '2017-12-01 07:39:19', '2017-12-01 07:39:19'), ('82', '1', 'admin/teacher', 'GET', '::1', '[]', '2017-12-01 07:39:29', '2017-12-01 07:39:29'), ('83', '1', 'admin/teacher', 'GET', '::1', '[]', '2017-12-01 07:39:45', '2017-12-01 07:39:45'), ('84', '1', 'admin/teacher', 'GET', '::1', '[]', '2017-12-01 07:40:09', '2017-12-01 07:40:09'), ('85', '1', 'admin/teacher', 'GET', '::1', '[]', '2017-12-01 07:40:52', '2017-12-01 07:40:52'), ('86', '1', 'admin/teacher/3', 'PUT', '::1', '{\"name\":\"status\",\"value\":\"\\u505c\\u7528\",\"pk\":\"3\",\"_token\":\"CmRZxusHCzL2rJvywa2eH9fZ5wlge9ZOkAMPwB3e\",\"_editable\":\"1\",\"_method\":\"PUT\"}', '2017-12-01 07:41:00', '2017-12-01 07:41:00'), ('87', '1', 'admin/teacher', 'GET', '::1', '[]', '2017-12-01 07:41:02', '2017-12-01 07:41:02'), ('88', '1', 'admin/teacher/3', 'PUT', '::1', '{\"name\":\"status\",\"value\":\"\\u542f\\u7528\",\"pk\":\"3\",\"_token\":\"CmRZxusHCzL2rJvywa2eH9fZ5wlge9ZOkAMPwB3e\",\"_editable\":\"1\",\"_method\":\"PUT\"}', '2017-12-01 07:41:05', '2017-12-01 07:41:05'), ('89', '1', 'admin/teacher', 'GET', '::1', '{\"_sort\":{\"column\":\"id\",\"type\":\"desc\"},\"_pjax\":\"#pjax-container\"}', '2017-12-01 07:41:48', '2017-12-01 07:41:48'), ('90', '1', 'admin/teacher', 'GET', '::1', '{\"_sort\":{\"column\":\"id\",\"type\":\"asc\"},\"_pjax\":\"#pjax-container\"}', '2017-12-01 07:41:49', '2017-12-01 07:41:49'), ('91', '1', 'admin/teacher', 'GET', '::1', '{\"_sort\":{\"column\":\"id\",\"type\":\"asc\"}}', '2017-12-01 07:42:23', '2017-12-01 07:42:23'), ('92', '1', 'admin/teacher', 'GET', '::1', '{\"_sort\":{\"column\":\"id\",\"type\":\"asc\"}}', '2017-12-01 08:19:38', '2017-12-01 08:19:38'), ('93', '1', 'admin/teacher/create', 'GET', '::1', '{\"_pjax\":\"#pjax-container\"}', '2017-12-01 08:19:57', '2017-12-01 08:19:57'), ('94', '1', 'admin/teacher', 'GET', '::1', '{\"_sort\":{\"column\":\"id\",\"type\":\"asc\"},\"_pjax\":\"#pjax-container\"}', '2017-12-01 08:20:02', '2017-12-01 08:20:02'), ('95', '1', 'admin/teacher/1/edit', 'GET', '::1', '{\"_pjax\":\"#pjax-container\"}', '2017-12-01 08:20:03', '2017-12-01 08:20:03'), ('96', '1', 'admin/teacher/1', 'PUT', '::1', '{\"name\":\"\\u6c64\\u8001\\u5e08\",\"position\":\"\\u6821\\u957f\",\"title\":\"\\u4e2d\\u5c71\\u5927\\u5b66\\u4e2d\\u6587\\u7cfb\\u7855\\u58eb\",\"description\":\"\\u81ea2009\\u5e74\\u5f00\\u59cb\\u4ece\\u4e8b\\u827a\\u672f\\u6559\\u80b2\\u5de5\\u4f5c\\uff0c\\u591a\\u5e74\\u79ef\\u7d2f\\u4e86\\u4e30\\u5bcc\\u7684\\u827a\\u672f\\u5347\\u5b66\\u8d44\\u6e90\\u53ca\\u57f9\\u8bad\\u673a\\u6784\\u8fd0\\u8425\\u7ecf\\u9a8c\\uff0c\\u76ee\\u524d\\u4e3a\\u6b62\\u5df2\\u57f9\\u517b\\u51fa\\u4e8c\\u5343\\u4f59\\u5b66\\u5458\\u8003\\u53d6\\u56fd\\u5185\\u5916\\u5404\\u5927\\u827a\\u672f\\u9662\\u6821\\u3002\",\"view_level\":\"1\",\"status\":\"\\u542f\\u7528\",\"_token\":\"CmRZxusHCzL2rJvywa2eH9fZ5wlge9ZOkAMPwB3e\",\"_method\":\"PUT\",\"_previous_\":\"http:\\/\\/localhost\\/admin\\/teacher?_sort%5Bcolumn%5D=id&_sort%5Btype%5D=asc\"}', '2017-12-01 08:23:42', '2017-12-01 08:23:42'), ('97', '1', 'admin/teacher', 'GET', '::1', '{\"_sort\":{\"column\":\"id\",\"type\":\"asc\"}}', '2017-12-01 08:23:42', '2017-12-01 08:23:42'), ('98', '1', 'admin/teacher/2/edit', 'GET', '::1', '{\"_pjax\":\"#pjax-container\"}', '2017-12-01 08:24:01', '2017-12-01 08:24:01'), ('99', '1', 'admin/teacher/2', 'PUT', '::1', '{\"name\":\"\\u9ec4\\u8001\\u5e08\",\"position\":\"\\u6559\\u5b66\\u4e3b\\u7ba1\",\"title\":\"\\u6bd5\\u4e1a\\u4e8e\\u4e2d\\u592e\\u620f\\u5267\\u5b66\\u9662\",\"description\":\"\\u6709\\u4e30\\u5bcc\\u7684\\u4f20\\u5a92\\u827a\\u8003\\u6559\\u5b66\\u7ba1\\u7406\\u7ecf\\u9a8c\",\"view_level\":\"2\",\"status\":\"\\u542f\\u7528\",\"_token\":\"CmRZxusHCzL2rJvywa2eH9fZ5wlge9ZOkAMPwB3e\",\"_method\":\"PUT\",\"_previous_\":\"http:\\/\\/localhost\\/admin\\/teacher?_sort%5Bcolumn%5D=id&_sort%5Btype%5D=asc\"}', '2017-12-01 08:24:34', '2017-12-01 08:24:34'), ('100', '1', 'admin/teacher', 'GET', '::1', '{\"_sort\":{\"column\":\"id\",\"type\":\"asc\"}}', '2017-12-01 08:24:34', '2017-12-01 08:24:34'), ('101', '1', 'admin/teacher/3/edit', 'GET', '::1', '{\"_pjax\":\"#pjax-container\"}', '2017-12-01 08:24:58', '2017-12-01 08:24:58'), ('102', '1', 'admin/teacher/3', 'PUT', '::1', '{\"name\":\"\\u4e07\\u8001\\u5e08\",\"position\":\"\\u5f71\\u89c6\\u7f16\\u5bfc\\u8d44\\u6df1\\u8bb2\\u5e08\",\"title\":\"\\u6bd5\\u4e1a\\u4e8e\\u4e0a\\u6d77\\u620f\\u5267\\u5b66\\u9662\",\"description\":\"\\u8d44\\u6df1\\u7535\\u89c6\\u680f\\u76ee\\u5bfc\\u6f14\",\"view_level\":\"2\",\"status\":\"\\u542f\\u7528\",\"_token\":\"CmRZxusHCzL2rJvywa2eH9fZ5wlge9ZOkAMPwB3e\",\"_method\":\"PUT\",\"_previous_\":\"http:\\/\\/localhost\\/admin\\/teacher?_sort%5Bcolumn%5D=id&_sort%5Btype%5D=asc\"}', '2017-12-01 08:25:23', '2017-12-01 08:25:23'), ('103', '1', 'admin/teacher', 'GET', '::1', '{\"_sort\":{\"column\":\"id\",\"type\":\"asc\"}}', '2017-12-01 08:25:24', '2017-12-01 08:25:24'), ('104', '1', 'admin/teacher/create', 'GET', '::1', '{\"_pjax\":\"#pjax-container\"}', '2017-12-01 08:25:30', '2017-12-01 08:25:30'), ('105', '1', 'admin/teacher', 'POST', '::1', '{\"name\":\"\\u738b\\u8001\\u5e08\",\"position\":\"\\u64ad\\u97f3\\u4e0e\\u4e3b\\u6301\\u8d44\\u6df1\\u8bb2\\u5e08\",\"title\":\"\\u6bd5\\u4e1a\\u4e8e\\u4e2d\\u56fd\\u4f20\\u5a92\\u5927\\u5b66\",\"description\":\"\\u7535\\u89c6\\u53f0\\u8282\\u76ee\\u4e3b\\u6301\\u4eba\",\"view_level\":\"3\",\"status\":\"\\u542f\\u7528\",\"_token\":\"CmRZxusHCzL2rJvywa2eH9fZ5wlge9ZOkAMPwB3e\",\"_previous_\":\"http:\\/\\/localhost\\/admin\\/teacher?_sort%5Bcolumn%5D=id&_sort%5Btype%5D=asc\"}', '2017-12-01 08:26:09', '2017-12-01 08:26:09'), ('106', '1', 'admin/teacher', 'GET', '::1', '{\"_sort\":{\"column\":\"id\",\"type\":\"asc\"}}', '2017-12-01 08:26:09', '2017-12-01 08:26:09'), ('107', '1', 'admin/teacher/create', 'GET', '::1', '{\"_pjax\":\"#pjax-container\"}', '2017-12-01 08:26:29', '2017-12-01 08:26:29'), ('108', '1', 'admin/teacher', 'POST', '::1', '{\"name\":\"\\u5b59\\u8001\\u5e08\",\"position\":\"\\u8868\\u6f14\\u4e0e\\u53f0\\u8bcd\\u8bb2\\u5e08\",\"title\":\"\\u4e91\\u5357\\u827a\\u672f\\u5b66\\u9662\\u827a\\u672f\\u7855\\u58eb\",\"description\":\"\\u5927\\u5b66\\u8bb2\\u5e08\\uff0c\\u5177\\u6709\\u4e30\\u5bcc\\u821e\\u53f0\\u6f14\\u51fa\\u7ecf\\u9a8c\\u53ca\\u6559\\u5b66\\u7ecf\\u9a8c\",\"view_level\":\"3\",\"status\":\"\\u542f\\u7528\",\"_token\":\"CmRZxusHCzL2rJvywa2eH9fZ5wlge9ZOkAMPwB3e\",\"_previous_\":\"http:\\/\\/localhost\\/admin\\/teacher?_sort%5Bcolumn%5D=id&_sort%5Btype%5D=asc\"}', '2017-12-01 08:26:59', '2017-12-01 08:26:59'), ('109', '1', 'admin/teacher', 'GET', '::1', '{\"_sort\":{\"column\":\"id\",\"type\":\"asc\"}}', '2017-12-01 08:27:00', '2017-12-01 08:27:00'), ('110', '1', 'admin/teacher/create', 'GET', '::1', '{\"_pjax\":\"#pjax-container\"}', '2017-12-01 08:27:23', '2017-12-01 08:27:23'), ('111', '1', 'admin/teacher', 'POST', '::1', '{\"name\":\"\\u9093\\u8001\\u5e08\",\"position\":\"\\u8d44\\u6df1\\u8868\\u6f14\\u8bb2\\u5e08\",\"title\":\"\\u6bd5\\u4e1a\\u4e8e\\u4e0a\\u6d77\\u620f\\u5267\\u5b66\\u9662\\u8868\\u6f14\\u7cfb\",\"description\":null,\"view_level\":\"0\",\"status\":\"\\u542f\\u7528\",\"_token\":\"CmRZxusHCzL2rJvywa2eH9fZ5wlge9ZOkAMPwB3e\",\"_previous_\":\"http:\\/\\/localhost\\/admin\\/teacher?_sort%5Bcolumn%5D=id&_sort%5Btype%5D=asc\"}', '2017-12-01 08:27:36', '2017-12-01 08:27:36'), ('112', '1', 'admin/teacher', 'GET', '::1', '{\"_sort\":{\"column\":\"id\",\"type\":\"asc\"}}', '2017-12-01 08:27:37', '2017-12-01 08:27:37'), ('113', '1', 'admin/teacher/1/edit', 'GET', '::1', '{\"_pjax\":\"#pjax-container\"}', '2017-12-01 09:14:38', '2017-12-01 09:14:38'), ('114', '1', 'admin/teacher/1', 'PUT', '::1', '{\"name\":\"\\u6c64\\u8001\\u5e08\",\"position\":\"\\u6821\\u957f\",\"title\":\"\\u4e2d\\u5c71\\u5927\\u5b66\\u4e2d\\u6587\\u7cfb\\u7855\\u58eb\",\"description\":\"\\u81ea2009\\u5e74\\u5f00\\u59cb\\u4ece\\u4e8b\\u827a\\u672f\\u6559\\u80b2\\u5de5\\u4f5c\\uff0c\\u591a\\u5e74\\u79ef\\u7d2f\\u4e86\\u4e30\\u5bcc\\u7684\\u827a\\u672f\\u5347\\u5b66\\u8d44\\u6e90\\u53ca\\u57f9\\u8bad\\u673a\\u6784\\u8fd0\\u8425\\u7ecf\\u9a8c\\uff0c\\u76ee\\u524d\\u4e3a\\u6b62\\u5df2\\u57f9\\u517b\\u51fa\\u4e8c\\u5343\\u4f59\\u5b66\\u5458\\u8003\\u53d6\\u56fd\\u5185\\u5916\\u5404\\u5927\\u827a\\u672f\\u9662\\u6821\\u3002\",\"view_level\":\"1\",\"status\":\"\\u542f\\u7528\",\"_token\":\"CmRZxusHCzL2rJvywa2eH9fZ5wlge9ZOkAMPwB3e\",\"_method\":\"PUT\",\"_previous_\":\"http:\\/\\/localhost\\/admin\\/teacher?_sort%5Bcolumn%5D=id&_sort%5Btype%5D=asc\"}', '2017-12-01 09:14:45', '2017-12-01 09:14:45'), ('115', '1', 'admin/teacher', 'GET', '::1', '{\"_sort\":{\"column\":\"id\",\"type\":\"asc\"}}', '2017-12-01 09:14:45', '2017-12-01 09:14:45'), ('116', '1', 'admin/teacher/2/edit', 'GET', '::1', '{\"_pjax\":\"#pjax-container\"}', '2017-12-01 09:14:52', '2017-12-01 09:14:52'), ('117', '1', 'admin/teacher/2', 'PUT', '::1', '{\"name\":\"\\u9ec4\\u8001\\u5e08\",\"position\":\"\\u6559\\u5b66\\u4e3b\\u7ba1\",\"title\":\"\\u6bd5\\u4e1a\\u4e8e\\u4e2d\\u592e\\u620f\\u5267\\u5b66\\u9662\",\"description\":\"\\u6709\\u4e30\\u5bcc\\u7684\\u4f20\\u5a92\\u827a\\u8003\\u6559\\u5b66\\u7ba1\\u7406\\u7ecf\\u9a8c\",\"view_level\":\"2\",\"status\":\"\\u542f\\u7528\",\"_token\":\"CmRZxusHCzL2rJvywa2eH9fZ5wlge9ZOkAMPwB3e\",\"_method\":\"PUT\",\"_previous_\":\"http:\\/\\/localhost\\/admin\\/teacher?_sort%5Bcolumn%5D=id&_sort%5Btype%5D=asc\"}', '2017-12-01 09:14:59', '2017-12-01 09:14:59'), ('118', '1', 'admin/teacher', 'GET', '::1', '{\"_sort\":{\"column\":\"id\",\"type\":\"asc\"}}', '2017-12-01 09:14:59', '2017-12-01 09:14:59'), ('119', '1', 'admin/teacher/2/edit', 'GET', '::1', '{\"_pjax\":\"#pjax-container\"}', '2017-12-01 09:15:01', '2017-12-01 09:15:01'), ('120', '1', 'admin/teacher', 'GET', '::1', '{\"_sort\":{\"column\":\"id\",\"type\":\"asc\"},\"_pjax\":\"#pjax-container\"}', '2017-12-01 09:15:02', '2017-12-01 09:15:02'), ('121', '1', 'admin/teacher/3/edit', 'GET', '::1', '{\"_pjax\":\"#pjax-container\"}', '2017-12-01 09:15:04', '2017-12-01 09:15:04'), ('122', '1', 'admin/teacher/3', 'PUT', '::1', '{\"name\":\"\\u4e07\\u8001\\u5e08\",\"position\":\"\\u5f71\\u89c6\\u7f16\\u5bfc\\u8d44\\u6df1\\u8bb2\\u5e08\",\"title\":\"\\u6bd5\\u4e1a\\u4e8e\\u4e0a\\u6d77\\u620f\\u5267\\u5b66\\u9662\",\"description\":\"\\u8d44\\u6df1\\u7535\\u89c6\\u680f\\u76ee\\u5bfc\\u6f14\",\"view_level\":\"2\",\"status\":\"\\u542f\\u7528\",\"_token\":\"CmRZxusHCzL2rJvywa2eH9fZ5wlge9ZOkAMPwB3e\",\"_method\":\"PUT\",\"_previous_\":\"http:\\/\\/localhost\\/admin\\/teacher?_sort%5Bcolumn%5D=id&_sort%5Btype%5D=asc\"}', '2017-12-01 09:15:11', '2017-12-01 09:15:11'), ('123', '1', 'admin/teacher', 'GET', '::1', '{\"_sort\":{\"column\":\"id\",\"type\":\"asc\"}}', '2017-12-01 09:15:11', '2017-12-01 09:15:11'), ('124', '1', 'admin/teacher/4/edit', 'GET', '::1', '{\"_pjax\":\"#pjax-container\"}', '2017-12-01 09:15:13', '2017-12-01 09:15:13'), ('125', '1', 'admin/teacher/4', 'PUT', '::1', '{\"name\":\"\\u738b\\u8001\\u5e08\",\"position\":\"\\u64ad\\u97f3\\u4e0e\\u4e3b\\u6301\\u8d44\\u6df1\\u8bb2\\u5e08\",\"title\":\"\\u6bd5\\u4e1a\\u4e8e\\u4e2d\\u56fd\\u4f20\\u5a92\\u5927\\u5b66\",\"description\":\"\\u7535\\u89c6\\u53f0\\u8282\\u76ee\\u4e3b\\u6301\\u4eba\",\"view_level\":\"3\",\"status\":\"\\u542f\\u7528\",\"_token\":\"CmRZxusHCzL2rJvywa2eH9fZ5wlge9ZOkAMPwB3e\",\"_method\":\"PUT\",\"_previous_\":\"http:\\/\\/localhost\\/admin\\/teacher?_sort%5Bcolumn%5D=id&_sort%5Btype%5D=asc\"}', '2017-12-01 09:15:18', '2017-12-01 09:15:18'), ('126', '1', 'admin/teacher', 'GET', '::1', '{\"_sort\":{\"column\":\"id\",\"type\":\"asc\"}}', '2017-12-01 09:15:18', '2017-12-01 09:15:18'), ('127', '1', 'admin/teacher/5/edit', 'GET', '::1', '{\"_pjax\":\"#pjax-container\"}', '2017-12-01 09:15:20', '2017-12-01 09:15:20'), ('128', '1', 'admin/teacher/5', 'PUT', '::1', '{\"name\":\"\\u5b59\\u8001\\u5e08\",\"position\":\"\\u8868\\u6f14\\u4e0e\\u53f0\\u8bcd\\u8bb2\\u5e08\",\"title\":\"\\u4e91\\u5357\\u827a\\u672f\\u5b66\\u9662\\u827a\\u672f\\u7855\\u58eb\",\"description\":\"\\u5927\\u5b66\\u8bb2\\u5e08\\uff0c\\u5177\\u6709\\u4e30\\u5bcc\\u821e\\u53f0\\u6f14\\u51fa\\u7ecf\\u9a8c\\u53ca\\u6559\\u5b66\\u7ecf\\u9a8c\",\"view_level\":\"3\",\"status\":\"\\u542f\\u7528\",\"_token\":\"CmRZxusHCzL2rJvywa2eH9fZ5wlge9ZOkAMPwB3e\",\"_method\":\"PUT\",\"_previous_\":\"http:\\/\\/localhost\\/admin\\/teacher?_sort%5Bcolumn%5D=id&_sort%5Btype%5D=asc\"}', '2017-12-01 09:15:24', '2017-12-01 09:15:24'), ('129', '1', 'admin/teacher', 'GET', '::1', '{\"_sort\":{\"column\":\"id\",\"type\":\"asc\"}}', '2017-12-01 09:15:24', '2017-12-01 09:15:24'), ('130', '1', 'admin/teacher/6/edit', 'GET', '::1', '{\"_pjax\":\"#pjax-container\"}', '2017-12-01 09:15:26', '2017-12-01 09:15:26'), ('131', '1', 'admin/teacher/6', 'PUT', '::1', '{\"name\":\"\\u9093\\u8001\\u5e08\",\"position\":\"\\u8d44\\u6df1\\u8868\\u6f14\\u8bb2\\u5e08\",\"title\":\"\\u6bd5\\u4e1a\\u4e8e\\u4e0a\\u6d77\\u620f\\u5267\\u5b66\\u9662\\u8868\\u6f14\\u7cfb\",\"description\":null,\"view_level\":\"0\",\"status\":\"\\u542f\\u7528\",\"_token\":\"CmRZxusHCzL2rJvywa2eH9fZ5wlge9ZOkAMPwB3e\",\"_method\":\"PUT\",\"_previous_\":\"http:\\/\\/localhost\\/admin\\/teacher?_sort%5Bcolumn%5D=id&_sort%5Btype%5D=asc\"}', '2017-12-01 09:15:30', '2017-12-01 09:15:30'), ('132', '1', 'admin/teacher', 'GET', '::1', '{\"_sort\":{\"column\":\"id\",\"type\":\"asc\"}}', '2017-12-01 09:15:31', '2017-12-01 09:15:31'), ('133', '1', 'admin', 'GET', '::1', '[]', '2017-12-03 13:26:01', '2017-12-03 13:26:01'), ('134', '1', 'admin/teacher', 'GET', '::1', '{\"_pjax\":\"#pjax-container\"}', '2017-12-03 13:26:09', '2017-12-03 13:26:09'), ('135', '1', 'admin/teacher/create', 'GET', '::1', '{\"_pjax\":\"#pjax-container\"}', '2017-12-03 13:35:50', '2017-12-03 13:35:50'), ('136', '1', 'admin/teacher', 'GET', '::1', '{\"_pjax\":\"#pjax-container\"}', '2017-12-03 13:46:53', '2017-12-03 13:46:53'), ('137', '1', 'admin/teacher', 'GET', '::1', '[]', '2017-12-03 13:46:58', '2017-12-03 13:46:58'), ('138', '1', 'admin/teacher/create', 'GET', '::1', '{\"_pjax\":\"#pjax-container\"}', '2017-12-03 13:47:00', '2017-12-03 13:47:00'), ('139', '1', 'admin/teacher', 'POST', '::1', '{\"name\":\"1\",\"position\":\"1\",\"title\":\"1\",\"description\":\"1\",\"view_level\":\"0\",\"status\":\"\\u542f\\u7528\",\"_token\":\"3mzgctomUDopdFW4OmSqBA6ibbBvNuob6qx8E10y\",\"_previous_\":\"http:\\/\\/localhost\\/admin\\/teacher\"}', '2017-12-03 13:47:17', '2017-12-03 13:47:17'), ('140', '1', 'admin/teacher', 'GET', '::1', '[]', '2017-12-03 13:47:17', '2017-12-03 13:47:17'), ('141', '1', 'admin/teacher/7/edit', 'GET', '::1', '{\"_pjax\":\"#pjax-container\"}', '2017-12-03 13:47:23', '2017-12-03 13:47:23'), ('142', '1', 'admin/teacher', 'GET', '::1', '{\"_pjax\":\"#pjax-container\"}', '2017-12-03 14:05:39', '2017-12-03 14:05:39'), ('143', '1', 'admin/auth/menu', 'GET', '::1', '{\"_pjax\":\"#pjax-container\"}', '2017-12-03 14:19:26', '2017-12-03 14:19:26'), ('144', '1', 'admin/auth/menu', 'POST', '::1', '{\"parent_id\":\"11\",\"title\":\"\\u5b66\\u5458\\u98ce\\u91c7\",\"icon\":\"fa-child\",\"uri\":\"student\",\"roles\":[\"1\",\"2\",null],\"_token\":\"3mzgctomUDopdFW4OmSqBA6ibbBvNuob6qx8E10y\"}', '2017-12-03 14:21:14', '2017-12-03 14:21:14'), ('145', '1', 'admin/auth/menu', 'GET', '::1', '[]', '2017-12-03 14:21:14', '2017-12-03 14:21:14'), ('146', '1', 'admin/auth/menu', 'GET', '::1', '[]', '2017-12-03 14:21:21', '2017-12-03 14:21:21'), ('147', '1', 'admin/student', 'GET', '::1', '{\"_pjax\":\"#pjax-container\"}', '2017-12-03 14:21:26', '2017-12-03 14:21:26'), ('148', '1', 'admin/student', 'GET', '::1', '{\"_pjax\":\"#pjax-container\"}', '2017-12-03 14:21:30', '2017-12-03 14:21:30'), ('149', '1', 'admin/student/create', 'GET', '::1', '{\"_pjax\":\"#pjax-container\"}', '2017-12-03 14:21:32', '2017-12-03 14:21:32'), ('150', '1', 'admin/student/create', 'GET', '::1', '[]', '2017-12-03 14:24:27', '2017-12-03 14:24:27'), ('151', '1', 'admin/student/create', 'GET', '::1', '[]', '2017-12-03 14:25:16', '2017-12-03 14:25:16'), ('152', '1', 'admin/student/create', 'GET', '::1', '[]', '2017-12-03 14:26:56', '2017-12-03 14:26:56'), ('153', '1', 'admin/student', 'GET', '::1', '{\"_pjax\":\"#pjax-container\"}', '2017-12-03 14:26:59', '2017-12-03 14:26:59'), ('154', '1', 'admin/student', 'GET', '::1', '[]', '2017-12-03 14:26:59', '2017-12-03 14:26:59'), ('155', '1', 'admin/student', 'GET', '::1', '[]', '2017-12-03 14:27:21', '2017-12-03 14:27:21'), ('156', '1', 'admin/student', 'GET', '::1', '[]', '2017-12-03 14:28:56', '2017-12-03 14:28:56'), ('157', '1', 'admin/student', 'GET', '::1', '[]', '2017-12-03 14:54:37', '2017-12-03 14:54:37'), ('158', '1', 'admin/student', 'GET', '::1', '[]', '2017-12-03 14:56:07', '2017-12-03 14:56:07'), ('159', '1', 'admin/student/create', 'GET', '::1', '{\"_pjax\":\"#pjax-container\"}', '2017-12-03 14:56:10', '2017-12-03 14:56:10'), ('160', '1', 'admin/student', 'POST', '::1', '{\"caption\":\"123\",\"status\":\"\\u542f\\u7528\",\"_token\":\"3mzgctomUDopdFW4OmSqBA6ibbBvNuob6qx8E10y\",\"_previous_\":\"http:\\/\\/localhost\\/admin\\/student\"}', '2017-12-03 14:56:20', '2017-12-03 14:56:20'), ('161', '1', 'admin/student', 'GET', '::1', '[]', '2017-12-03 14:56:20', '2017-12-03 14:56:20'), ('162', '1', 'admin/student', 'GET', '::1', '[]', '2017-12-03 14:56:41', '2017-12-03 14:56:41'), ('163', '1', 'admin', 'GET', '::1', '[]', '2017-12-03 15:11:40', '2017-12-03 15:11:40'), ('164', '1', 'admin/student', 'GET', '::1', '{\"_pjax\":\"#pjax-container\"}', '2017-12-03 15:11:43', '2017-12-03 15:11:43'), ('165', '1', 'admin/student/1/edit', 'GET', '::1', '{\"_pjax\":\"#pjax-container\"}', '2017-12-03 15:11:46', '2017-12-03 15:11:46'), ('166', '1', 'admin/student/1', 'PUT', '::1', '{\"caption\":\"123\",\"status\":\"\\u542f\\u7528\",\"_token\":\"3mzgctomUDopdFW4OmSqBA6ibbBvNuob6qx8E10y\",\"_method\":\"PUT\",\"_previous_\":\"http:\\/\\/localhost\\/admin\\/student\"}', '2017-12-03 15:11:52', '2017-12-03 15:11:52'), ('167', '1', 'admin/student', 'GET', '::1', '[]', '2017-12-03 15:11:52', '2017-12-03 15:11:52'), ('168', '1', 'admin/student/create', 'GET', '::1', '{\"_pjax\":\"#pjax-container\"}', '2017-12-03 15:11:53', '2017-12-03 15:11:53'), ('169', '1', 'admin/student', 'POST', '::1', '{\"caption\":\"2\",\"status\":\"\\u542f\\u7528\",\"_token\":\"3mzgctomUDopdFW4OmSqBA6ibbBvNuob6qx8E10y\",\"_previous_\":\"http:\\/\\/localhost\\/admin\\/student\"}', '2017-12-03 15:12:01', '2017-12-03 15:12:01'), ('170', '1', 'admin/student', 'GET', '::1', '[]', '2017-12-03 15:12:01', '2017-12-03 15:12:01'), ('171', '1', 'admin/student/create', 'GET', '::1', '{\"_pjax\":\"#pjax-container\"}', '2017-12-03 15:12:02', '2017-12-03 15:12:02'), ('172', '1', 'admin/student', 'POST', '::1', '{\"caption\":\"3\",\"status\":\"\\u542f\\u7528\",\"_token\":\"3mzgctomUDopdFW4OmSqBA6ibbBvNuob6qx8E10y\",\"_previous_\":\"http:\\/\\/localhost\\/admin\\/student\"}', '2017-12-03 15:12:08', '2017-12-03 15:12:08'), ('173', '1', 'admin/student', 'GET', '::1', '[]', '2017-12-03 15:12:09', '2017-12-03 15:12:09'), ('174', '1', 'admin/student/create', 'GET', '::1', '{\"_pjax\":\"#pjax-container\"}', '2017-12-03 15:12:10', '2017-12-03 15:12:10'), ('175', '1', 'admin/student', 'POST', '::1', '{\"caption\":\"4\",\"status\":\"\\u542f\\u7528\",\"_token\":\"3mzgctomUDopdFW4OmSqBA6ibbBvNuob6qx8E10y\",\"_previous_\":\"http:\\/\\/localhost\\/admin\\/student\"}', '2017-12-03 15:12:16', '2017-12-03 15:12:16'), ('176', '1', 'admin/student', 'GET', '::1', '[]', '2017-12-03 15:12:16', '2017-12-03 15:12:16'), ('177', '1', 'admin/student/create', 'GET', '::1', '{\"_pjax\":\"#pjax-container\"}', '2017-12-03 15:12:17', '2017-12-03 15:12:17'), ('178', '1', 'admin/student', 'POST', '::1', '{\"caption\":\"5\",\"status\":\"\\u542f\\u7528\",\"_token\":\"3mzgctomUDopdFW4OmSqBA6ibbBvNuob6qx8E10y\",\"_previous_\":\"http:\\/\\/localhost\\/admin\\/student\"}', '2017-12-03 15:12:23', '2017-12-03 15:12:23'), ('179', '1', 'admin/student', 'GET', '::1', '[]', '2017-12-03 15:12:23', '2017-12-03 15:12:23'), ('180', '1', 'admin/student/4/edit', 'GET', '::1', '{\"_pjax\":\"#pjax-container\"}', '2017-12-03 15:12:35', '2017-12-03 15:12:35'), ('181', '1', 'admin/student/4', 'PUT', '::1', '{\"caption\":\"4\",\"status\":\"\\u542f\\u7528\",\"_token\":\"3mzgctomUDopdFW4OmSqBA6ibbBvNuob6qx8E10y\",\"_method\":\"PUT\",\"_previous_\":\"http:\\/\\/localhost\\/admin\\/student\"}', '2017-12-03 15:12:40', '2017-12-03 15:12:40'), ('182', '1', 'admin/student', 'GET', '::1', '[]', '2017-12-03 15:12:40', '2017-12-03 15:12:40'), ('183', '1', 'admin/student/create', 'GET', '::1', '{\"_pjax\":\"#pjax-container\"}', '2017-12-03 15:12:42', '2017-12-03 15:12:42'), ('184', '1', 'admin/student', 'POST', '::1', '{\"caption\":\"6\",\"status\":\"\\u542f\\u7528\",\"_token\":\"3mzgctomUDopdFW4OmSqBA6ibbBvNuob6qx8E10y\",\"_previous_\":\"http:\\/\\/localhost\\/admin\\/student\"}', '2017-12-03 15:12:48', '2017-12-03 15:12:48'), ('185', '1', 'admin/student', 'GET', '::1', '[]', '2017-12-03 15:12:48', '2017-12-03 15:12:48'), ('186', '1', 'admin/student/create', 'GET', '::1', '{\"_pjax\":\"#pjax-container\"}', '2017-12-03 15:12:49', '2017-12-03 15:12:49'), ('187', '1', 'admin/student', 'POST', '::1', '{\"caption\":\"7\",\"status\":\"\\u542f\\u7528\",\"_token\":\"3mzgctomUDopdFW4OmSqBA6ibbBvNuob6qx8E10y\",\"_previous_\":\"http:\\/\\/localhost\\/admin\\/student\"}', '2017-12-03 15:12:55', '2017-12-03 15:12:55'), ('188', '1', 'admin/student', 'GET', '::1', '[]', '2017-12-03 15:12:55', '2017-12-03 15:12:55'), ('189', '1', 'admin', 'GET', '::1', '[]', '2017-12-04 05:54:54', '2017-12-04 05:54:54'), ('190', '1', 'admin/student', 'GET', '::1', '{\"_pjax\":\"#pjax-container\"}', '2017-12-04 05:55:06', '2017-12-04 05:55:06'), ('191', '1', 'admin/introduction', 'GET', '::1', '{\"_pjax\":\"#pjax-container\"}', '2017-12-04 05:55:09', '2017-12-04 05:55:09'), ('192', '1', 'admin/auth/menu', 'GET', '::1', '{\"_pjax\":\"#pjax-container\"}', '2017-12-04 06:02:59', '2017-12-04 06:02:59'), ('193', '1', 'admin/auth/menu', 'POST', '::1', '{\"parent_id\":\"11\",\"title\":\"\\u6559\\u5b66\\u73af\\u5883\",\"icon\":\"fa-photo\",\"uri\":\"classroom\",\"roles\":[\"1\",\"2\",null],\"_token\":\"WNHbzvUlJnaL19zfz3gpwlfsnbgUcZsyrrgzISau\"}', '2017-12-04 06:04:44', '2017-12-04 06:04:44'), ('194', '1', 'admin/auth/menu', 'GET', '::1', '[]', '2017-12-04 06:04:44', '2017-12-04 06:04:44'), ('195', '1', 'admin/auth/menu', 'GET', '::1', '[]', '2017-12-04 06:04:46', '2017-12-04 06:04:46'), ('196', '1', 'admin/classroom', 'GET', '::1', '{\"_pjax\":\"#pjax-container\"}', '2017-12-04 06:04:50', '2017-12-04 06:04:50'), ('197', '1', 'admin/classroom/create', 'GET', '::1', '{\"_pjax\":\"#pjax-container\"}', '2017-12-04 06:04:52', '2017-12-04 06:04:52'), ('198', '1', 'admin/classroom', 'POST', '::1', '{\"caption\":\"1\",\"status\":\"\\u542f\\u7528\",\"location\":\"\\u4e1c\\u839e\\u6821\\u533a\",\"_token\":\"WNHbzvUlJnaL19zfz3gpwlfsnbgUcZsyrrgzISau\",\"_previous_\":\"http:\\/\\/localhost\\/admin\\/classroom\"}', '2017-12-04 06:06:15', '2017-12-04 06:06:15'), ('199', '1', 'admin/classroom', 'GET', '::1', '[]', '2017-12-04 06:06:15', '2017-12-04 06:06:15'), ('200', '1', 'admin/classroom/create', 'GET', '::1', '{\"_pjax\":\"#pjax-container\"}', '2017-12-04 06:06:17', '2017-12-04 06:06:17'), ('201', '1', 'admin/classroom', 'POST', '::1', '{\"caption\":\"2\",\"status\":\"\\u542f\\u7528\",\"location\":\"\\u4e1c\\u839e\\u6821\\u533a\",\"_token\":\"WNHbzvUlJnaL19zfz3gpwlfsnbgUcZsyrrgzISau\",\"_previous_\":\"http:\\/\\/localhost\\/admin\\/classroom\"}', '2017-12-04 06:06:22', '2017-12-04 06:06:22'), ('202', '1', 'admin/classroom', 'GET', '::1', '[]', '2017-12-04 06:06:22', '2017-12-04 06:06:22'), ('203', '1', 'admin/classroom/1/edit', 'GET', '::1', '{\"_pjax\":\"#pjax-container\"}', '2017-12-04 06:06:40', '2017-12-04 06:06:40'), ('204', '1', 'admin/classroom', 'GET', '::1', '{\"_pjax\":\"#pjax-container\"}', '2017-12-04 06:06:43', '2017-12-04 06:06:43'), ('205', '1', 'admin/classroom', 'GET', '::1', '[]', '2017-12-04 06:08:47', '2017-12-04 06:08:47'), ('206', '1', 'admin/student', 'GET', '::1', '{\"_pjax\":\"#pjax-container\"}', '2017-12-04 06:08:57', '2017-12-04 06:08:57'), ('207', '1', 'admin/classroom', 'GET', '::1', '{\"_pjax\":\"#pjax-container\"}', '2017-12-04 06:09:01', '2017-12-04 06:09:01'), ('208', '1', 'admin/classroom', 'GET', '::1', '{\"_pjax\":\"#pjax-container\"}', '2017-12-04 06:10:41', '2017-12-04 06:10:41'), ('209', '1', 'admin/student', 'GET', '::1', '{\"_pjax\":\"#pjax-container\"}', '2017-12-04 06:10:44', '2017-12-04 06:10:44'), ('210', '1', 'admin/student', 'GET', '::1', '[]', '2017-12-04 06:10:58', '2017-12-04 06:10:58'), ('211', '1', 'admin/classroom', 'GET', '::1', '{\"_pjax\":\"#pjax-container\"}', '2017-12-04 06:11:02', '2017-12-04 06:11:02'), ('212', '1', 'admin/student', 'GET', '::1', '{\"_pjax\":\"#pjax-container\"}', '2017-12-04 06:11:03', '2017-12-04 06:11:03'), ('213', '1', 'admin/classroom', 'GET', '::1', '{\"_pjax\":\"#pjax-container\"}', '2017-12-04 06:11:05', '2017-12-04 06:11:05'), ('214', '1', 'admin/classroom', 'GET', '::1', '[]', '2017-12-04 06:12:23', '2017-12-04 06:12:23'), ('215', '1', 'admin/introduction', 'GET', '::1', '{\"_pjax\":\"#pjax-container\"}', '2017-12-04 06:12:25', '2017-12-04 06:12:25'), ('216', '1', 'admin/teacher', 'GET', '::1', '{\"_pjax\":\"#pjax-container\"}', '2017-12-04 06:12:27', '2017-12-04 06:12:27'), ('217', '1', 'admin/student', 'GET', '::1', '{\"_pjax\":\"#pjax-container\"}', '2017-12-04 06:12:28', '2017-12-04 06:12:28'), ('218', '1', 'admin/classroom', 'GET', '::1', '{\"_pjax\":\"#pjax-container\"}', '2017-12-04 06:12:29', '2017-12-04 06:12:29'), ('219', '1', 'admin/student', 'GET', '::1', '{\"_pjax\":\"#pjax-container\"}', '2017-12-04 06:12:39', '2017-12-04 06:12:39'), ('220', '1', 'admin/classroom', 'GET', '::1', '{\"_pjax\":\"#pjax-container\"}', '2017-12-04 06:12:52', '2017-12-04 06:12:52'), ('221', '1', 'admin/classroom/create', 'GET', '::1', '{\"_pjax\":\"#pjax-container\"}', '2017-12-04 06:12:54', '2017-12-04 06:12:54'), ('222', '1', 'admin/classroom', 'POST', '::1', '{\"caption\":\"3\",\"status\":\"\\u542f\\u7528\",\"location\":\"\\u4e1c\\u839e\\u6821\\u533a\",\"_token\":\"WNHbzvUlJnaL19zfz3gpwlfsnbgUcZsyrrgzISau\",\"_previous_\":\"http:\\/\\/localhost\\/admin\\/classroom\"}', '2017-12-04 06:13:00', '2017-12-04 06:13:00'), ('223', '1', 'admin/classroom', 'GET', '::1', '[]', '2017-12-04 06:13:00', '2017-12-04 06:13:00'), ('224', '1', 'admin/classroom/create', 'GET', '::1', '{\"_pjax\":\"#pjax-container\"}', '2017-12-04 06:13:01', '2017-12-04 06:13:01'), ('225', '1', 'admin/classroom', 'POST', '::1', '{\"caption\":\"4\",\"status\":\"\\u542f\\u7528\",\"location\":\"\\u4e1c\\u839e\\u6821\\u533a\",\"_token\":\"WNHbzvUlJnaL19zfz3gpwlfsnbgUcZsyrrgzISau\",\"_previous_\":\"http:\\/\\/localhost\\/admin\\/classroom\"}', '2017-12-04 06:13:08', '2017-12-04 06:13:08'), ('226', '1', 'admin/classroom', 'GET', '::1', '[]', '2017-12-04 06:13:08', '2017-12-04 06:13:08'), ('227', '1', 'admin/classroom/create', 'GET', '::1', '{\"_pjax\":\"#pjax-container\"}', '2017-12-04 06:13:09', '2017-12-04 06:13:09'), ('228', '1', 'admin/classroom', 'POST', '::1', '{\"caption\":\"5\",\"status\":\"\\u542f\\u7528\",\"location\":\"\\u4e1c\\u839e\\u6821\\u533a\",\"_token\":\"WNHbzvUlJnaL19zfz3gpwlfsnbgUcZsyrrgzISau\",\"_previous_\":\"http:\\/\\/localhost\\/admin\\/classroom\"}', '2017-12-04 06:13:15', '2017-12-04 06:13:15'), ('229', '1', 'admin/classroom', 'GET', '::1', '[]', '2017-12-04 06:13:15', '2017-12-04 06:13:15'), ('230', '1', 'admin/classroom/create', 'GET', '::1', '{\"_pjax\":\"#pjax-container\"}', '2017-12-04 06:13:16', '2017-12-04 06:13:16'), ('231', '1', 'admin/classroom', 'POST', '::1', '{\"caption\":\"6\",\"status\":\"\\u542f\\u7528\",\"location\":\"\\u4e1c\\u839e\\u6821\\u533a\",\"_token\":\"WNHbzvUlJnaL19zfz3gpwlfsnbgUcZsyrrgzISau\",\"_previous_\":\"http:\\/\\/localhost\\/admin\\/classroom\"}', '2017-12-04 06:13:22', '2017-12-04 06:13:22'), ('232', '1', 'admin/classroom', 'GET', '::1', '[]', '2017-12-04 06:13:22', '2017-12-04 06:13:22'), ('233', '1', 'admin/classroom/create', 'GET', '::1', '{\"_pjax\":\"#pjax-container\"}', '2017-12-04 06:24:07', '2017-12-04 06:24:07'), ('234', '1', 'admin/classroom', 'POST', '::1', '{\"caption\":\"1\",\"status\":\"\\u542f\\u7528\",\"location\":\"\\u5e7f\\u5dde\\u6821\\u533a\",\"_token\":\"WNHbzvUlJnaL19zfz3gpwlfsnbgUcZsyrrgzISau\",\"_previous_\":\"http:\\/\\/localhost\\/admin\\/classroom\"}', '2017-12-04 06:24:19', '2017-12-04 06:24:19'), ('235', '1', 'admin/classroom', 'GET', '::1', '[]', '2017-12-04 06:24:19', '2017-12-04 06:24:19'), ('236', '1', 'admin/classroom/create', 'GET', '::1', '{\"_pjax\":\"#pjax-container\"}', '2017-12-04 06:24:20', '2017-12-04 06:24:20'), ('237', '1', 'admin/classroom', 'POST', '::1', '{\"caption\":\"2\",\"status\":\"\\u542f\\u7528\",\"location\":\"\\u5e7f\\u5dde\\u6821\\u533a\",\"_token\":\"WNHbzvUlJnaL19zfz3gpwlfsnbgUcZsyrrgzISau\",\"_previous_\":\"http:\\/\\/localhost\\/admin\\/classroom\"}', '2017-12-04 06:24:28', '2017-12-04 06:24:28'), ('238', '1', 'admin/classroom', 'GET', '::1', '[]', '2017-12-04 06:24:28', '2017-12-04 06:24:28'), ('239', '1', 'admin/classroom/create', 'GET', '::1', '{\"_pjax\":\"#pjax-container\"}', '2017-12-04 06:24:29', '2017-12-04 06:24:29'), ('240', '1', 'admin/classroom', 'POST', '::1', '{\"caption\":\"3\",\"status\":\"\\u542f\\u7528\",\"location\":\"\\u5e7f\\u5dde\\u6821\\u533a\",\"_token\":\"WNHbzvUlJnaL19zfz3gpwlfsnbgUcZsyrrgzISau\",\"_previous_\":\"http:\\/\\/localhost\\/admin\\/classroom\"}', '2017-12-04 06:24:41', '2017-12-04 06:24:41'), ('241', '1', 'admin/classroom', 'GET', '::1', '[]', '2017-12-04 06:24:42', '2017-12-04 06:24:42'), ('242', '1', 'admin/classroom/create', 'GET', '::1', '{\"_pjax\":\"#pjax-container\"}', '2017-12-04 06:24:43', '2017-12-04 06:24:43'), ('243', '1', 'admin/classroom', 'POST', '::1', '{\"caption\":\"4\",\"status\":\"\\u542f\\u7528\",\"location\":\"\\u5e7f\\u5dde\\u6821\\u533a\",\"_token\":\"WNHbzvUlJnaL19zfz3gpwlfsnbgUcZsyrrgzISau\",\"_previous_\":\"http:\\/\\/localhost\\/admin\\/classroom\"}', '2017-12-04 06:24:52', '2017-12-04 06:24:52'), ('244', '1', 'admin/classroom', 'GET', '::1', '[]', '2017-12-04 06:24:52', '2017-12-04 06:24:52'), ('245', '1', 'admin/classroom/create', 'GET', '::1', '{\"_pjax\":\"#pjax-container\"}', '2017-12-04 06:24:53', '2017-12-04 06:24:53'), ('246', '1', 'admin/classroom', 'POST', '::1', '{\"caption\":\"5\",\"status\":\"\\u542f\\u7528\",\"location\":\"\\u5e7f\\u5dde\\u6821\\u533a\",\"_token\":\"WNHbzvUlJnaL19zfz3gpwlfsnbgUcZsyrrgzISau\",\"_previous_\":\"http:\\/\\/localhost\\/admin\\/classroom\"}', '2017-12-04 06:24:59', '2017-12-04 06:24:59'), ('247', '1', 'admin/classroom', 'GET', '::1', '[]', '2017-12-04 06:24:59', '2017-12-04 06:24:59'), ('248', '1', 'admin/classroom/create', 'GET', '::1', '{\"_pjax\":\"#pjax-container\"}', '2017-12-04 06:25:00', '2017-12-04 06:25:00'), ('249', '1', 'admin/classroom', 'POST', '::1', '{\"caption\":\"6\",\"status\":\"\\u542f\\u7528\",\"location\":\"\\u5e7f\\u5dde\\u6821\\u533a\",\"_token\":\"WNHbzvUlJnaL19zfz3gpwlfsnbgUcZsyrrgzISau\",\"_previous_\":\"http:\\/\\/localhost\\/admin\\/classroom\"}', '2017-12-04 06:25:10', '2017-12-04 06:25:10'), ('250', '1', 'admin/classroom', 'GET', '::1', '[]', '2017-12-04 06:25:11', '2017-12-04 06:25:11'), ('251', '1', 'admin/classroom', 'GET', '::1', '[]', '2017-12-04 06:25:42', '2017-12-04 06:25:42'), ('252', '1', 'admin/classroom', 'GET', '::1', '[]', '2017-12-04 06:26:24', '2017-12-04 06:26:24'), ('253', '1', 'admin', 'GET', '::1', '[]', '2017-12-05 03:51:46', '2017-12-05 03:51:46'), ('254', '1', 'admin/introduction', 'GET', '::1', '{\"_pjax\":\"#pjax-container\"}', '2017-12-05 03:52:08', '2017-12-05 03:52:08'), ('255', '1', 'admin/teacher', 'GET', '::1', '{\"_pjax\":\"#pjax-container\"}', '2017-12-05 03:52:09', '2017-12-05 03:52:09'), ('256', '1', 'admin/student', 'GET', '::1', '{\"_pjax\":\"#pjax-container\"}', '2017-12-05 03:52:11', '2017-12-05 03:52:11'), ('257', '1', 'admin/classroom', 'GET', '::1', '{\"_pjax\":\"#pjax-container\"}', '2017-12-05 03:52:22', '2017-12-05 03:52:22'), ('258', '1', 'admin/classroom/create', 'GET', '::1', '{\"_pjax\":\"#pjax-container\"}', '2017-12-05 03:53:18', '2017-12-05 03:53:18'), ('259', '1', 'admin', 'GET', '::1', '[]', '2017-12-05 03:54:13', '2017-12-05 03:54:13'), ('260', '1', 'admin', 'GET', '::1', '[]', '2017-12-05 03:54:13', '2017-12-05 03:54:13'), ('261', '1', 'admin/introduction', 'GET', '::1', '{\"_pjax\":\"#pjax-container\"}', '2017-12-05 03:54:15', '2017-12-05 03:54:15'), ('262', '1', 'admin/teacher', 'GET', '::1', '{\"_pjax\":\"#pjax-container\"}', '2017-12-05 03:54:17', '2017-12-05 03:54:17'), ('263', '1', 'admin/introduction', 'GET', '::1', '{\"_pjax\":\"#pjax-container\"}', '2017-12-05 03:55:31', '2017-12-05 03:55:31'), ('264', '1', 'admin/teacher', 'GET', '::1', '{\"_pjax\":\"#pjax-container\"}', '2017-12-05 03:55:34', '2017-12-05 03:55:34'), ('265', '1', 'admin/student', 'GET', '::1', '{\"_pjax\":\"#pjax-container\"}', '2017-12-05 03:55:35', '2017-12-05 03:55:35'), ('266', '1', 'admin/student/1/edit', 'GET', '::1', '{\"_pjax\":\"#pjax-container\"}', '2017-12-05 03:55:39', '2017-12-05 03:55:39'), ('267', '1', 'admin/student', 'GET', '::1', '{\"_pjax\":\"#pjax-container\"}', '2017-12-05 03:55:41', '2017-12-05 03:55:41'), ('268', '1', 'admin', 'GET', '::1', '[]', '2017-12-05 05:05:14', '2017-12-05 05:05:14'), ('269', '1', 'admin/teacher', 'GET', '::1', '{\"_pjax\":\"#pjax-container\"}', '2017-12-05 05:05:16', '2017-12-05 05:05:16'), ('270', '1', 'admin', 'GET', '::1', '{\"_pjax\":\"#pjax-container\"}', '2017-12-05 05:05:21', '2017-12-05 05:05:21'), ('271', '1', 'admin', 'GET', '::1', '[]', '2017-12-05 05:12:22', '2017-12-05 05:12:22'), ('272', '1', 'admin/teacher', 'GET', '::1', '{\"_pjax\":\"#pjax-container\"}', '2017-12-05 05:12:25', '2017-12-05 05:12:25'), ('273', '1', 'admin/teacher/2/edit', 'GET', '::1', '{\"_pjax\":\"#pjax-container\"}', '2017-12-05 05:12:30', '2017-12-05 05:12:30'), ('274', '1', 'admin/teacher/2', 'PUT', '::1', '{\"name\":\"\\u9ec4\\u8001\\u5e08\",\"position\":\"\\u6559\\u5b66\\u4e3b\\u7ba1\",\"title\":\"\\u4e2d\\u592e\\u620f\\u5267\\u5b66\\u9662\",\"description\":\"\\u6709\\u4e30\\u5bcc\\u7684\\u4f20\\u5a92\\u827a\\u8003\\u6559\\u5b66\\u7ba1\\u7406\\u7ecf\\u9a8c\",\"view_level\":\"2\",\"status\":\"\\u542f\\u7528\",\"_token\":\"1UBrNkrhmK5nWb7p20cs90DZIBrSF6UtwAamNPCs\",\"_method\":\"PUT\",\"_previous_\":\"http:\\/\\/localhost\\/admin\\/teacher\"}', '2017-12-05 05:12:34', '2017-12-05 05:12:34'), ('275', '1', 'admin/teacher', 'GET', '::1', '[]', '2017-12-05 05:12:35', '2017-12-05 05:12:35'), ('276', '1', 'admin/teacher/3/edit', 'GET', '::1', '{\"_pjax\":\"#pjax-container\"}', '2017-12-05 05:12:37', '2017-12-05 05:12:37'), ('277', '1', 'admin/teacher/3', 'PUT', '::1', '{\"name\":\"\\u4e07\\u8001\\u5e08\",\"position\":\"\\u5f71\\u89c6\\u7f16\\u5bfc\\u8d44\\u6df1\\u8bb2\\u5e08\",\"title\":\"\\u4e0a\\u6d77\\u620f\\u5267\\u5b66\\u9662\",\"description\":\"\\u8d44\\u6df1\\u7535\\u89c6\\u680f\\u76ee\\u5bfc\\u6f14\",\"view_level\":\"2\",\"status\":\"\\u542f\\u7528\",\"_token\":\"1UBrNkrhmK5nWb7p20cs90DZIBrSF6UtwAamNPCs\",\"_method\":\"PUT\",\"_previous_\":\"http:\\/\\/localhost\\/admin\\/teacher\"}', '2017-12-05 05:12:46', '2017-12-05 05:12:46'), ('278', '1', 'admin/teacher', 'GET', '::1', '[]', '2017-12-05 05:12:46', '2017-12-05 05:12:46'), ('279', '1', 'admin/teacher/4/edit', 'GET', '::1', '{\"_pjax\":\"#pjax-container\"}', '2017-12-05 05:12:48', '2017-12-05 05:12:48'), ('280', '1', 'admin/teacher/4', 'PUT', '::1', '{\"name\":\"\\u738b\\u8001\\u5e08\",\"position\":\"\\u64ad\\u97f3\\u4e0e\\u4e3b\\u6301\\u8d44\\u6df1\\u8bb2\\u5e08\",\"title\":\"\\u4e2d\\u56fd\\u4f20\\u5a92\\u5927\\u5b66\",\"description\":\"\\u7535\\u89c6\\u53f0\\u8282\\u76ee\\u4e3b\\u6301\\u4eba\",\"view_level\":\"3\",\"status\":\"\\u542f\\u7528\",\"_token\":\"1UBrNkrhmK5nWb7p20cs90DZIBrSF6UtwAamNPCs\",\"_method\":\"PUT\",\"_previous_\":\"http:\\/\\/localhost\\/admin\\/teacher\"}', '2017-12-05 05:12:51', '2017-12-05 05:12:51'), ('281', '1', 'admin/teacher', 'GET', '::1', '[]', '2017-12-05 05:12:52', '2017-12-05 05:12:52'), ('282', '1', 'admin/teacher/6/edit', 'GET', '::1', '{\"_pjax\":\"#pjax-container\"}', '2017-12-05 05:12:56', '2017-12-05 05:12:56'), ('283', '1', 'admin/teacher/6', 'PUT', '::1', '{\"name\":\"\\u9093\\u8001\\u5e08\",\"position\":\"\\u8d44\\u6df1\\u8868\\u6f14\\u8bb2\\u5e08\",\"title\":\"\\u4e0a\\u6d77\\u620f\\u5267\\u5b66\\u9662\\u8868\\u6f14\\u7cfb\",\"description\":null,\"view_level\":\"0\",\"status\":\"\\u542f\\u7528\",\"_token\":\"1UBrNkrhmK5nWb7p20cs90DZIBrSF6UtwAamNPCs\",\"_method\":\"PUT\",\"_previous_\":\"http:\\/\\/localhost\\/admin\\/teacher\"}', '2017-12-05 05:13:00', '2017-12-05 05:13:00'), ('284', '1', 'admin/teacher', 'GET', '::1', '[]', '2017-12-05 05:13:00', '2017-12-05 05:13:00'), ('285', '1', 'admin/auth/menu', 'GET', '::1', '[]', '2017-12-05 10:14:26', '2017-12-05 10:14:26'), ('286', '1', 'admin/auth/menu', 'GET', '::1', '[]', '2017-12-05 10:18:17', '2017-12-05 10:18:17'), ('287', '1', 'admin/auth/menu', 'POST', '::1', '{\"parent_id\":\"0\",\"title\":\"\\u57f9\\u8bad\\u8bfe\\u7a0b\",\"icon\":\"fa-book\",\"uri\":null,\"roles\":[\"1\",\"2\",null],\"_token\":\"EEMBu1L4Cmy97ykaNBeyovtwdN02HFbGHRgT3s3A\"}', '2017-12-05 10:18:33', '2017-12-05 10:18:33'), ('288', '1', 'admin/auth/menu', 'GET', '::1', '[]', '2017-12-05 10:18:33', '2017-12-05 10:18:33'), ('289', '1', 'admin/auth/menu', 'POST', '::1', '{\"parent_id\":\"16\",\"title\":\"\\u8bfe\\u7a0b\\u5b89\\u6392\",\"icon\":\"fa-leanpub\",\"uri\":\"class\",\"roles\":[\"1\",\"2\",null],\"_token\":\"EEMBu1L4Cmy97ykaNBeyovtwdN02HFbGHRgT3s3A\"}', '2017-12-05 10:19:28', '2017-12-05 10:19:28'), ('290', '1', 'admin/auth/menu', 'GET', '::1', '[]', '2017-12-05 10:19:28', '2017-12-05 10:19:28'), ('291', '1', 'admin/auth/menu', 'GET', '::1', '[]', '2017-12-05 10:19:30', '2017-12-05 10:19:30'), ('292', '1', 'admin/class', 'GET', '::1', '{\"_pjax\":\"#pjax-container\"}', '2017-12-05 10:19:32', '2017-12-05 10:19:32'), ('293', '1', 'admin/class/create', 'GET', '::1', '{\"_pjax\":\"#pjax-container\"}', '2017-12-05 10:19:34', '2017-12-05 10:19:34'), ('294', '1', 'admin/class', 'POST', '::1', '{\"name\":\"\\u7f8e\\u672f\\u9ad8\\u8003\\u57fa\\u7840\\u73ed\",\"type\":\"0\",\"description\":\"\\u6ca1\\u6709\\u4efb\\u4f55\\u57fa\\u7840\\uff0c\\u6709\\u5fd7\\u4e8e\\u53c2\\u52a0\\u827a\\u672f\\u8bbe\\u8ba1\\u7c7b\\u9662\\u6821\\u9ad8\\u8003\\u7684\\u5b66\\u5458\\u3002\\u6ca1\\u6709\\u4efb\\u4f55\\u57fa\\u7840\\uff0c\\u6709\\u5fd7\\u4e8e\\u53c2\\u52a0\\u827a\\u672f\\u8bbe\\u8ba1\\u7c7b\\u9662\\u6821\\u9ad8\\u8003\\u7684\\u5b66\\u5458\\u3002\",\"content\":\"\\u7d20\\u63cf\\u51e0\\u4f55\\u77f3\\u818f\\u3001\\u7d20\\u63cf\\u9759\\u7269\\u3001\\u4eba\\u7269\\u5934\\u50cf\\u901f\\u5199\\u3001\\u6c34\\u7c89\\u9759\\u7269\\u3001\\u6c34\\u7c89\\u4eba\\u7269\",\"semester\":\"12\",\"fee\":\"4800\",\"homepage_view\":\"1\",\"status\":\"\\u542f\\u7528\",\"_token\":\"EEMBu1L4Cmy97ykaNBeyovtwdN02HFbGHRgT3s3A\",\"_previous_\":\"http:\\/\\/localhost\\/admin\\/class\"}', '2017-12-05 10:20:22', '2017-12-05 10:20:22'), ('295', '1', 'admin/class', 'GET', '::1', '[]', '2017-12-05 10:20:22', '2017-12-05 10:20:22'), ('296', '1', 'admin/class/1/edit', 'GET', '::1', '[]', '2017-12-06 01:38:43', '2017-12-06 01:38:43'), ('297', '1', 'admin/auth/login', 'GET', '::1', '[]', '2017-12-06 01:38:55', '2017-12-06 01:38:55'), ('298', '1', 'admin', 'GET', '::1', '[]', '2017-12-06 01:38:55', '2017-12-06 01:38:55'), ('299', '1', 'admin/class', 'GET', '::1', '{\"_pjax\":\"#pjax-container\"}', '2017-12-06 01:38:58', '2017-12-06 01:38:58'), ('300', '1', 'admin/class/1/edit', 'GET', '::1', '{\"_pjax\":\"#pjax-container\"}', '2017-12-06 03:50:37', '2017-12-06 03:50:37'), ('301', '1', 'admin/class/1', 'PUT', '::1', '{\"name\":\"\\u7f8e\\u672f\\u9ad8\\u8003\\u57fa\\u7840\\u73ed\",\"type\":\"0\",\"description\":\"\\u6ca1\\u6709\\u4efb\\u4f55\\u57fa\\u7840\\uff0c\\u6709\\u5fd7\\u4e8e\\u53c2\\u52a0\\u827a\\u672f\\u8bbe\\u8ba1\\u7c7b\\u9662\\u6821\\u9ad8\\u8003\\u7684\\u5b66\\u5458\\u3002\\u6ca1\\u6709\\u4efb\\u4f55\\u57fa\\u7840\\uff0c\\u6709\\u5fd7\\u4e8e\\u53c2\\u52a0\\u827a\\u672f\\u8bbe\\u8ba1\\u7c7b\\u9662\\u6821\\u9ad8\\u8003\\u7684\\u5b66\\u5458\\u3002\\u6ca1\\u6709\\u4efb\\u4f55\\u57fa\\u7840\\uff0c\\u6709\\u5fd7\\u4e8e\\u53c2\\u52a0\\u827a\\u672f\\u8bbe\\u8ba1\\u7c7b\\u9662\\u6821\\u9ad8\\u8003\\u7684\\u5b66\\u5458\\u3002\\u6ca1\\u6709\\u4efb\\u4f55\\u57fa\\u7840\\uff0c\\u6709\\u5fd7\\u4e8e\\u53c2\\u52a0\\u827a\\u672f\\u8bbe\\u8ba1\\u7c7b\\u9662\\u6821\\u9ad8\\u8003\\u7684\\u5b66\\u5458\\u3002\",\"content\":\"\\u7d20\\u63cf\\u51e0\\u4f55\\u77f3\\u818f\\u3001\\u7d20\\u63cf\\u9759\\u7269\\u3001\\u4eba\\u7269\\u5934\\u50cf\\u901f\\u5199\\u3001\\u6c34\\u7c89\\u9759\\u7269\\u3001\\u6c34\\u7c89\\u4eba\\u7269\",\"semester\":\"12\",\"fee\":\"4800\",\"homepage_view\":\"1\",\"status\":\"\\u542f\\u7528\",\"_token\":\"JT9YnwNjv0TQplSithc2JnQrTaGG2cLRvR5WZzfg\",\"_method\":\"PUT\",\"_previous_\":\"http:\\/\\/localhost\\/admin\\/class\"}', '2017-12-06 03:50:41', '2017-12-06 03:50:41'), ('302', '1', 'admin/class', 'GET', '::1', '[]', '2017-12-06 03:50:41', '2017-12-06 03:50:41'), ('303', '1', 'admin', 'GET', '::1', '[]', '2017-12-06 15:21:12', '2017-12-06 15:21:12'), ('304', '1', 'admin/intelligence', 'GET', '::1', '{\"_pjax\":\"#pjax-container\"}', '2017-12-06 15:21:16', '2017-12-06 15:21:16'), ('305', '1', 'admin/intelligence/create', 'GET', '::1', '{\"_pjax\":\"#pjax-container\"}', '2017-12-06 15:21:18', '2017-12-06 15:21:18'), ('306', '1', 'admin/intelligence/create', 'GET', '::1', '[]', '2017-12-06 15:23:49', '2017-12-06 15:23:49'), ('307', '1', 'admin/intelligence', 'POST', '::1', '{\"title\":\"\\u65b0\\u6821\\u533a\\u843d\\u6210\",\"summary\":\"\\u4e3a\\u4e86\\u66f4\\u597d\\u7684\\u670d\\u52a1\\u5e7f\\u5927\\u7684\\u8003\\u751f\\uff0c\\u827a\\u52a8\\u6559\\u80b2\\u91cd\\u91d1\\u91cd\\u65b0\\u6253\\u9020\\u65b0\\u6821\\u533a\\u3002\",\"status\":\"\\u542f\\u7528\",\"_token\":\"X2tSt0aXW66BFReQi9EHZwBoC1GFVBOX4zwkYK7k\",\"content\":\"<p>\\u4e3a\\u4e86\\u66f4\\u597d\\u7684\\u670d\\u52a1\\u5e7f\\u5927\\u7684\\u8003\\u751f\\uff0c\\u827a\\u52a8\\u6559\\u80b2\\u91cd\\u91d1\\u91cd\\u65b0\\u6253\\u9020\\u65b0\\u6821\\u533a\\u3002\\u4e3a\\u4e86\\u66f4\\u597d\\u7684\\u670d\\u52a1\\u5e7f\\u5927\\u7684\\u8003\\u751f\\uff0c\\u827a\\u52a8\\u6559\\u80b2\\u91cd\\u91d1\\u91cd\\u65b0\\u6253\\u9020\\u65b0\\u6821\\u533a\\u3002\\u4e3a\\u4e86\\u66f4\\u597d\\u7684\\u670d\\u52a1\\u5e7f\\u5927\\u7684\\u8003\\u751f\\uff0c\\u827a\\u52a8\\u6559\\u80b2\\u91cd\\u91d1\\u91cd\\u65b0\\u6253\\u9020\\u65b0\\u6821\\u533a\\u3002\\u4e3a\\u4e86\\u66f4\\u597d\\u7684\\u670d\\u52a1\\u5e7f\\u5927\\u7684\\u8003\\u751f\\uff0c\\u827a\\u52a8\\u6559\\u80b2\\u91cd\\u91d1\\u91cd\\u65b0\\u6253\\u9020\\u65b0\\u6821\\u533a\\u3002\\u4e3a\\u4e86\\u66f4\\u597d\\u7684\\u670d\\u52a1\\u5e7f\\u5927\\u7684\\u8003\\u751f\\uff0c\\u827a\\u52a8\\u6559\\u80b2\\u91cd\\u91d1\\u91cd\\u65b0\\u6253\\u9020\\u65b0\\u6821\\u533a\\u3002\\u4e3a\\u4e86\\u66f4\\u597d\\u7684\\u670d\\u52a1\\u5e7f\\u5927\\u7684\\u8003\\u751f\\uff0c\\u827a\\u52a8\\u6559\\u80b2\\u91cd\\u91d1\\u91cd\\u65b0\\u6253\\u9020\\u65b0\\u6821\\u533a\\u3002<\\/p>\"}', '2017-12-06 15:26:59', '2017-12-06 15:26:59'), ('308', '1', 'admin/intelligence', 'GET', '::1', '[]', '2017-12-06 15:26:59', '2017-12-06 15:26:59'), ('309', '1', 'admin', 'GET', '::1', '[]', '2017-12-12 03:33:28', '2017-12-12 03:33:28'), ('310', '1', 'admin/introduction', 'GET', '::1', '{\"_pjax\":\"#pjax-container\"}', '2017-12-12 03:33:31', '2017-12-12 03:33:31'), ('311', '1', 'admin/introduction/create', 'GET', '::1', '{\"_pjax\":\"#pjax-container\"}', '2017-12-12 03:33:34', '2017-12-12 03:33:34'), ('312', '1', 'admin/introduction', 'GET', '::1', '{\"_pjax\":\"#pjax-container\"}', '2017-12-12 03:33:36', '2017-12-12 03:33:36'), ('313', '1', 'admin/introduction/1/edit', 'GET', '::1', '{\"_pjax\":\"#pjax-container\"}', '2017-12-12 03:33:38', '2017-12-12 03:33:38'), ('314', '1', 'admin/introduction/1', 'PUT', '::1', '{\"summary\":\"\\u827a\\u52a8\\u6559\\u80b2\\uff0c\\u5168\\u79f0\\u4e1c\\u839e\\u5e02\\u827a\\u52a8\\u6559\\u80b2\\u6295\\u8d44\\u6709\\u9650\\u516c\\u53f8\\uff0c\\u516c\\u53f8\\u6838\\u5fc3\\u56e2\\u961f\\u81ea2010\\u5e74\\u8d77\\u4ece\\u4e8b\\u827a\\u672f\\u6559\\u80b2\\u9879\\u76ee\\uff0c\\u5e76\\u4e8e2017\\u5e74\\u8fdb\\u884c\\u9879\\u76ee\\u67b6\\u6784\\u548c\\u6559\\u5b66\\u573a\\u5730\\u5347\\u7ea7\\uff0c\\u662f\\u901a\\u8fc7\\u4e1c\\u839e\\u5e02\\u6559\\u80b2\\u5c40\\u5ba1\\u6279\\u7684\\u6b63\\u89c4\\u6301\\u8bc1\\u8bfe\\u5916\\u827a\\u672f\\u57f9\\u8bad\\u670d\\u52a1\\u673a\\u6784\\u3002\",\"slogan\":\"\\u56e0\\u827a\\u800c\\u52a8 MOVING FOR ART\",\"status\":\"\\u542f\\u7528\",\"_token\":\"C6dHn31MWOC4A0T56AQZARf3nrA3ApzlEzB67pgm\",\"_method\":\"PUT\",\"_previous_\":\"http:\\/\\/localhost\\/admin\\/introduction\",\"content\":\"<p>\\u76ee\\u524d\\uff0c\\u51ed\\u501f\\u7740\\u591a\\u5143\\u5316\\u7684<span style=\\\"color: rgb(128, 100, 162);\\\">\\u827a\\u672f\\u6559\\u80b2<\\/span>\\u8d44\\u6e90\\u4f18\\u52bf\\uff0c\\u6574\\u5408\\u8986\\u76d6\\u56fd\\u5185\\u5916\\u7684\\u827a\\u672f\\u5347\\u5b66\\u6e20\\u9053\\uff0c\\u827a\\u52a8\\u6559\\u80b2\\u7684\\u827a\\u672f\\u5347\\u5b66\\u4e13\\u6ce8\\u4e8e\\u4f20\\u5a92\\u827a\\u672f\\u548c\\u7f8e\\u672f\\u4e24\\u5927\\u8303\\u7574\\uff0c\\u670d\\u52a1\\u9879\\u76ee\\u5305\\u62ec\\uff1a\\u4f20\\u5a92\\u4f20\\u5a92\\u827a\\u8003\\u3001\\u7f8e\\u672f\\u827a\\u8003\\u3001\\u521d\\u4e2d\\u7f8e\\u672f\\u7279\\u957f\\u751f\\u3001\\u827a\\u672f\\u7559\\u5b66\\u3001\\u827a\\u672f\\u6e38\\u5b66\\u3001\\u56fd\\u9645\\u4ea4\\u6362\\u751f\\u3001\\u5916\\u8bed\\u57f9\\u8bad\\u7b49\\u3002<\\/p><p style=\\\"white-space: normal;\\\"><br\\/><\\/p><p style=\\\"white-space: normal;\\\">\\u4e3a\\u5e74\\u9f84\\u6bb5\\u4ece\\u521d\\u4e2d\\u5230\\u5927\\u5b66\\u7684\\u5b66\\u5458\\u5728\\u827a\\u672f\\u5347\\u5b66\\u7684\\u9053\\u8def\\u4e0a\\u63d0\\u4f9b\\u670d\\u52a1\\u548c\\u5e2e\\u52a9\\u3002\\u6211\\u4eec\\u5c0a\\u91cd\\u6bcf\\u4e00\\u4f4d\\u5b66\\u5458\\u7684\\u5174\\u8da3\\u53ca\\u827a\\u672f\\u5929\\u8d4b\\uff0c\\u9075\\u5faa\\u56fd\\u5185\\u5916\\u5404\\u5927\\u827a\\u672f\\u9662\\u6821\\u7684\\u4eba\\u624d\\u9009\\u62d4\\u673a\\u5236\\u548c\\u89c4\\u5f8b\\uff0c\\u5168\\u7a0b\\u4e3a\\u5b66\\u5458\\u5b9a\\u5236\\u51fa\\u6700\\u4f18\\u7684\\u827a\\u672f\\u5347\\u5b66\\u89c4\\u5212\\uff0c\\u529b\\u6c42\\u6210\\u4e3a\\u60a8\\u8003\\u53d6\\u7406\\u60f3\\u827a\\u672f\\u9662\\u6821\\u7684\\u5b9e\\u529b\\u62a4\\u822a\\u8005\\uff01<\\/p><p><br\\/><\\/p><p><br\\/><\\/p>\"}', '2017-12-12 03:33:54', '2017-12-12 03:33:54'), ('315', '1', 'admin/introduction', 'GET', '::1', '[]', '2017-12-12 03:33:54', '2017-12-12 03:33:54'), ('316', '1', 'admin', 'GET', '::1', '[]', '2017-12-12 05:18:50', '2017-12-12 05:18:50'), ('317', '1', 'admin', 'GET', '::1', '[]', '2017-12-12 09:38:33', '2017-12-12 09:38:33'), ('318', '1', 'admin/classroom', 'GET', '::1', '{\"_pjax\":\"#pjax-container\"}', '2017-12-12 09:38:52', '2017-12-12 09:38:52'), ('319', '1', 'admin/introduction', 'GET', '::1', '{\"_pjax\":\"#pjax-container\"}', '2017-12-12 09:38:55', '2017-12-12 09:38:55'), ('320', '1', 'admin/auth/menu', 'GET', '::1', '{\"_pjax\":\"#pjax-container\"}', '2017-12-12 09:45:12', '2017-12-12 09:45:12'), ('321', '1', 'admin/auth/menu', 'POST', '::1', '{\"parent_id\":\"0\",\"title\":\"\\u827a\\u672f\\u5347\\u5b66\",\"icon\":\"fa-bank\",\"uri\":null,\"roles\":[\"1\",\"2\",null],\"_token\":\"HMvB4t5TytWo1QwgxB7i4C7LcF22c5g4L7gg6xTH\"}', '2017-12-12 09:45:40', '2017-12-12 09:45:40'), ('322', '1', 'admin/auth/menu', 'GET', '::1', '[]', '2017-12-12 09:45:40', '2017-12-12 09:45:40'), ('323', '1', 'admin/auth/menu/18/edit', 'GET', '::1', '{\"_pjax\":\"#pjax-container\"}', '2017-12-12 09:45:56', '2017-12-12 09:45:56'), ('324', '1', 'admin/auth/menu/18', 'PUT', '::1', '{\"parent_id\":\"0\",\"title\":\"\\u827a\\u672f\\u5347\\u5b66\",\"icon\":\"fa-bank\",\"uri\":null,\"roles\":[\"1\",\"2\",null],\"_token\":\"HMvB4t5TytWo1QwgxB7i4C7LcF22c5g4L7gg6xTH\",\"_method\":\"PUT\",\"_previous_\":\"http:\\/\\/localhost\\/admin\\/auth\\/menu\"}', '2017-12-12 09:45:59', '2017-12-12 09:45:59'), ('325', '1', 'admin/auth/menu', 'GET', '::1', '[]', '2017-12-12 09:45:59', '2017-12-12 09:45:59'), ('326', '1', 'admin/auth/menu', 'GET', '::1', '[]', '2017-12-12 09:46:02', '2017-12-12 09:46:02'), ('327', '1', 'admin', 'GET', '::1', '{\"_pjax\":\"%23pjax-container\"}', '2017-12-12 09:46:04', '2017-12-12 09:46:04'), ('328', '1', 'admin', 'GET', '::1', '{\"_pjax\":\"%23pjax-container\"}', '2017-12-12 09:46:07', '2017-12-12 09:46:07'), ('329', '1', 'admin/auth/menu', 'GET', '::1', '{\"_pjax\":\"#pjax-container\"}', '2017-12-12 09:46:09', '2017-12-12 09:46:09'), ('330', '1', 'admin', 'GET', '::1', '{\"_pjax\":\"%23pjax-container\"}', '2017-12-12 09:46:13', '2017-12-12 09:46:13'), ('331', '1', 'admin/auth/menu', 'GET', '::1', '{\"_pjax\":\"#pjax-container\"}', '2017-12-12 09:46:16', '2017-12-12 09:46:16'), ('332', '1', 'admin/auth/menu', 'POST', '::1', '{\"parent_id\":\"18\",\"title\":\"\\u4f20\\u5a92\\u827a\\u8003\",\"icon\":\"fa-pencil\",\"uri\":\"media\",\"roles\":[\"1\",\"2\",null],\"_token\":\"HMvB4t5TytWo1QwgxB7i4C7LcF22c5g4L7gg6xTH\"}', '2017-12-12 09:47:28', '2017-12-12 09:47:28'), ('333', '1', 'admin/auth/menu', 'GET', '::1', '[]', '2017-12-12 09:47:29', '2017-12-12 09:47:29'), ('334', '1', 'admin/auth/menu', 'GET', '::1', '[]', '2017-12-12 09:47:32', '2017-12-12 09:47:32'), ('335', '1', 'admin', 'GET', '::1', '[]', '2017-12-14 03:43:47', '2017-12-14 03:43:47'), ('336', '1', 'admin/class', 'GET', '::1', '{\"_pjax\":\"#pjax-container\"}', '2017-12-14 03:43:53', '2017-12-14 03:43:53');
INSERT INTO `admin_operation_log` VALUES ('337', '1', 'admin/media', 'GET', '::1', '[]', '2017-12-14 04:04:44', '2017-12-14 04:04:44'), ('338', '1', 'admin/media/create', 'GET', '::1', '{\"_pjax\":\"#pjax-container\"}', '2017-12-14 04:08:18', '2017-12-14 04:08:18'), ('339', '1', 'admin/media', 'POST', '::1', '{\"title\":\"\\u9879\\u76ee\\u7b80\\u4ecb\",\"status\":\"\\u542f\\u7528\",\"_token\":\"IPNyXJsdz5KroDlLnQ1KDevcFpL1ZfpkUGoK4hGv\",\"_previous_\":\"http:\\/\\/localhost\\/admin\\/media\",\"content\":\"<p>\\u4f20\\u5a92\\u7c7b\\u4e13\\u4e1a\\u662f\\u6211\\u56fd\\u5404\\u5927\\u9ad8\\u6821\\u4e3a\\u9002\\u5e94\\u5feb\\u901f\\u53d1\\u5c55\\u7684\\u4f20\\u5a92\\u884c\\u4e1a\\uff0c\\u9762\\u5411\\u5e7f\\u64ad\\u3001\\u7535\\u5f71\\u3001\\u7535\\u89c6\\u3001\\u7f51\\u7edc\\u3001\\u4f1a\\u5c55\\u3001\\u5e7f\\u544a\\u51fa\\u7248\\u7b49\\u5a92\\u4f53\\u884c\\u4e1a\\u53ca\\u4f01\\u4e1a\\u3001\\u57f9\\u517b\\u9ad8\\u5c42\\u6b21\\u4e13\\u4e1a\\u4eba\\u624d\\u5f00\\u8bbe\\u7684\\u65b0\\u5174\\u5b66\\u79d1\\u3002\\u4f20\\u5a92\\u827a\\u8003\\u5373\\u901a\\u8fc7\\u4f20\\u5a92\\u4e13\\u4e1a\\u53c2\\u52a0\\u5168\\u56fd\\u5404\\u5927\\u9662\\u6821\\u827a\\u672f\\u9ad8\\u8003\\uff0c\\u4e3b\\u8981\\u5305\\u62ec\\u64ad\\u97f3\\u4e3b\\u6301\\u7c7b\\u3001\\u5f71\\u89c6\\u7f16\\u5bfc\\u7c7b\\u3001\\u6444\\u5f71\\u6444\\u50cf\\u7c7b\\u3001\\u8868\\u6f14\\u7a7a\\u4e58\\u7c7b\\u56db\\u5927\\u4e13\\u4e1a\\uff0c\\u4e0e\\u7f8e\\u672f\\u3001\\u97f3\\u4e50\\u3001\\u4f53\\u80b2\\u5e76\\u79f0\\u9ad8\\u8003\\u5c0f\\u56db\\u79d1\\u3002<\\/p>\"}', '2017-12-14 04:11:10', '2017-12-14 04:11:10'), ('340', '1', 'admin/media', 'GET', '::1', '[]', '2017-12-14 04:11:11', '2017-12-14 04:11:11'), ('341', '1', 'admin/media/create', 'GET', '::1', '{\"_pjax\":\"#pjax-container\"}', '2017-12-14 04:46:41', '2017-12-14 04:46:41'), ('342', '1', 'admin/media', 'POST', '::1', '{\"title\":\"\\u64ad\\u97f3\\u4e3b\\u6301\",\"status\":\"\\u542f\\u7528\",\"_token\":\"IPNyXJsdz5KroDlLnQ1KDevcFpL1ZfpkUGoK4hGv\",\"_previous_\":\"http:\\/\\/localhost\\/admin\\/media\",\"content\":\"<p><span style=\\\"color: rgb(112, 48, 160);\\\"><strong>\\u4e13\\u4e1a\\u65b9\\u5411<\\/strong><\\/span><\\/p><p>\\u53cc\\u8bed\\u64ad\\u97f3\\u4e3b\\u6301\\uff08\\u4e2d\\u82f1\\uff09\\u3001\\u666e\\u901a\\u8bdd\\u64ad\\u97f3\\u4e3b\\u6301\\u3001\\u7ca4\\u8bed\\u64ad\\u97f3\\u4e3b\\u6301\\u3001\\u56fd\\u9645\\u4ea4\\u6d41\\u3001\\u64ad\\u97f3\\u914d\\u97f3\\u3001\\u6587\\u5316\\u793c\\u4eea\\u7b49\\u3002<\\/p><p><br\\/><\\/p><p><strong><span style=\\\"color: rgb(112, 48, 160);\\\">\\u8bfe\\u7a0b\\u5185\\u5bb9<\\/span><\\/strong><\\/p><p>\\u64ad\\u97f3\\u53d1\\u58f0\\u3001\\u8bed\\u97f3\\u6821\\u6b63\\u3001\\u8868\\u8fbe\\u57fa\\u7840\\u3001\\u5f62\\u4f53\\u793c\\u4eea\\u3001\\u65b0\\u95fb\\u64ad\\u8bfb\\u3001\\u81ea\\u5907\\u7a3f\\u4ef6\\u3001\\u6587\\u5b66\\u6717\\u8bf5\\u3001\\u81ea\\u5907\\u7a3f\\u4ef6\\u3001\\u5373\\u5174\\u8bc4\\u8ff0\\u3001\\u6a21\\u62df\\u4e3b\\u6301\\u3001\\u73b0\\u573a\\u62a5\\u9053\\u3001\\u4e0a\\u955c\\u7ec3\\u4e60\\u7b49\\u3002<\\/p><p><br\\/><\\/p><p><span style=\\\"color: rgb(112, 48, 160);\\\"><strong>\\u62a5\\u8003\\u6761\\u4ef6<\\/strong><\\/span><\\/p><p>\\u53d1\\u97f3\\u5668\\u5b98\\u65e0\\u75be\\u75c5\\u3001\\u65e0\\u8272\\u76f2\\u591c\\u76f2\\u3001\\u5f62\\u8c61\\u6c14\\u8d28\\u597d\\uff0c\\u7537\\u8eab\\u9ad8170cm\\u4ee5\\u4e0a\\uff0c\\u5973160cm\\u4ee5\\u4e0a\\u3002<\\/p><p><br\\/><\\/p><p><span style=\\\"color: rgb(112, 48, 160);\\\"><strong>\\u8003\\u8bd5\\u5185\\u5bb9<\\/strong><\\/span><\\/p><p>\\u81ea\\u6211\\u4ecb\\u7ecd\\u3001\\u81ea\\u5907\\u7a3f\\u4ef6\\u3001\\u6307\\u5b9a\\u7a3f\\u4ef6\\u3001\\u5373\\u5174\\u8bc4\\u8ff0\\u3001\\u547d\\u9898\\u6f14\\u8bb2\\u3001\\u624d\\u827a\\u5c55\\u793a\\u3001\\u6a21\\u62df\\u4e3b\\u6301\\u3002<\\/p>\"}', '2017-12-14 04:48:48', '2017-12-14 04:48:48'), ('343', '1', 'admin/media', 'GET', '::1', '[]', '2017-12-14 04:48:48', '2017-12-14 04:48:48'), ('344', '1', 'admin/media/2/edit', 'GET', '::1', '{\"_pjax\":\"#pjax-container\"}', '2017-12-14 05:23:41', '2017-12-14 05:23:41'), ('345', '1', 'admin/media', 'GET', '::1', '{\"_pjax\":\"#pjax-container\"}', '2017-12-14 05:23:49', '2017-12-14 05:23:49'), ('346', '1', 'admin/media/create', 'GET', '::1', '{\"_pjax\":\"#pjax-container\"}', '2017-12-14 05:23:51', '2017-12-14 05:23:51'), ('347', '1', 'admin/media', 'POST', '::1', '{\"title\":\"y\",\"status\":\"\\u542f\\u7528\",\"_token\":\"IPNyXJsdz5KroDlLnQ1KDevcFpL1ZfpkUGoK4hGv\",\"_previous_\":\"http:\\/\\/localhost\\/admin\\/media\"}', '2017-12-14 05:26:31', '2017-12-14 05:26:31'), ('348', '1', 'admin/media', 'GET', '::1', '[]', '2017-12-14 05:26:31', '2017-12-14 05:26:31'), ('349', '1', 'admin/media/3/edit', 'GET', '::1', '{\"_pjax\":\"#pjax-container\"}', '2017-12-14 05:26:33', '2017-12-14 05:26:33'), ('350', '1', 'admin/media/3', 'PUT', '::1', '{\"title\":\"\\u5f71\\u89c6\\u7f16\\u5bfc\",\"status\":\"\\u542f\\u7528\",\"_token\":\"IPNyXJsdz5KroDlLnQ1KDevcFpL1ZfpkUGoK4hGv\",\"_method\":\"PUT\",\"_previous_\":\"http:\\/\\/localhost\\/admin\\/media\",\"content\":\"<p>\\u4e13\\u4e1a\\u65b9\\u5411<\\/p><p>\\u7535\\u89c6\\u7f16\\u5bfc\\u3001\\u5f71\\u89c6\\u5bfc\\u6f14\\u3001\\u6587\\u827a\\u7f16\\u5bfc\\u3001\\u5f71\\u89c6\\u6587\\u5b66\\u3001\\u5a92\\u4f53\\u521b\\u610f\\u3001\\u6570\\u5b57\\u5a92\\u4f53\\u3001\\u8282\\u76ee\\u5236\\u4f5c\\u3001\\u827a\\u672f\\u7ba1\\u7406\\u3001\\u516c\\u5171\\u4e8b\\u4e1a\\u7ba1\\u7406\\u3001\\u5236\\u7247\\u7ba1\\u7406\\u7b49\\u3002<\\/p><p><br\\/><\\/p><p>\\u8bfe\\u7a0b\\u5185\\u5bb9<\\/p><p>\\u547d\\u9898\\u6f14\\u8bb2\\u3001\\u89c6\\u542c\\u8bed\\u8a00\\u5206\\u6790\\u3001\\u827a\\u672f\\u6982\\u8bba\\u3001\\u547d\\u9898\\u5199\\u4f5c\\u53ca\\u6280\\u5de7\\u3001\\u7f16\\u8bb2\\u6545\\u4e8b\\u3001\\u5373\\u5174\\u521b\\u4f5c\\u4e0e\\u8bc4\\u8ff0\\u3001\\u6587\\u5b66\\u827a\\u672f\\u5e38\\u8bc6\\u3001\\u4e2d\\u5916\\u5f71\\u89c6\\u4f5c\\u54c1\\u5206\\u6790\\u3001\\u5f71\\u89c6\\u57fa\\u7840\\u77e5\\u8bc6\\u53d9\\u4e8b\\u6563\\u6587\\u3001\\u5e7f\\u544a\\u521b\\u610f\\u3001\\u680f\\u76ee\\u7b56\\u5212\\u7b49\\u3002<\\/p><p><br\\/><\\/p><p>\\u62a5\\u8003\\u6761\\u4ef6<\\/p><p>\\u6587\\u5b57\\u5199\\u4f5c\\u3001\\u6587\\u5b66\\u79ef\\u7d2f\\u3001\\u9605\\u7247\\u79ef\\u7d2f\\u3001\\u5373\\u5174\\u601d\\u7ef4\\u3001\\u903b\\u8f91\\u601d\\u7ef4\\u7b49\\uff0c\\u65e0\\u8eab\\u9ad8\\u8981\\u6c42\\u3002<\\/p><p><br\\/><\\/p><p>\\u8003\\u8bd5\\u5185\\u5bb9<\\/p><p>\\u81ea\\u6211\\u4ecb\\u7ecd\\u3001\\u6545\\u4e8b\\u7f16\\u5199\\u3001\\u6587\\u827a\\u5e38\\u8bc6\\u3001\\u5f71\\u89c6\\u4f5c\\u54c1\\u5206\\u6790\\u3001\\u5373\\u5174\\u8bc4\\u8ff0\\u3001\\u5e7f\\u544a\\u521b\\u610f\\u3001\\u8282\\u76ee\\u6d3b\\u52a8\\u7b56\\u5212\\u7b49\\u3002<\\/p>\"}', '2017-12-14 05:27:22', '2017-12-14 05:27:22'), ('351', '1', 'admin/media', 'GET', '::1', '[]', '2017-12-14 05:27:22', '2017-12-14 05:27:22'), ('352', '1', 'admin/media/3/edit', 'GET', '::1', '{\"_pjax\":\"#pjax-container\"}', '2017-12-14 05:28:34', '2017-12-14 05:28:34'), ('353', '1', 'admin/media/3', 'PUT', '::1', '{\"title\":\"\\u5f71\\u89c6\\u7f16\\u5bfc\",\"status\":\"\\u542f\\u7528\",\"_token\":\"IPNyXJsdz5KroDlLnQ1KDevcFpL1ZfpkUGoK4hGv\",\"_method\":\"PUT\",\"_previous_\":\"http:\\/\\/localhost\\/admin\\/media\",\"content\":\"<p><span style=\\\"color: rgb(112, 48, 160);\\\"><strong>\\u4e13\\u4e1a\\u65b9\\u5411<\\/strong><\\/span><\\/p><p>\\u7535\\u89c6\\u7f16\\u5bfc\\u3001\\u5f71\\u89c6\\u5bfc\\u6f14\\u3001\\u6587\\u827a\\u7f16\\u5bfc\\u3001\\u5f71\\u89c6\\u6587\\u5b66\\u3001\\u5a92\\u4f53\\u521b\\u610f\\u3001\\u6570\\u5b57\\u5a92\\u4f53\\u3001\\u8282\\u76ee\\u5236\\u4f5c\\u3001\\u827a\\u672f\\u7ba1\\u7406\\u3001\\u516c\\u5171\\u4e8b\\u4e1a\\u7ba1\\u7406\\u3001\\u5236\\u7247\\u7ba1\\u7406\\u7b49\\u3002<\\/p><p><br\\/><\\/p><p><span style=\\\"color: rgb(112, 48, 160);\\\"><strong>\\u8bfe\\u7a0b\\u5185\\u5bb9<\\/strong><\\/span><\\/p><p>\\u547d\\u9898\\u6f14\\u8bb2\\u3001\\u89c6\\u542c\\u8bed\\u8a00\\u5206\\u6790\\u3001\\u827a\\u672f\\u6982\\u8bba\\u3001\\u547d\\u9898\\u5199\\u4f5c\\u53ca\\u6280\\u5de7\\u3001\\u7f16\\u8bb2\\u6545\\u4e8b\\u3001\\u5373\\u5174\\u521b\\u4f5c\\u4e0e\\u8bc4\\u8ff0\\u3001\\u6587\\u5b66\\u827a\\u672f\\u5e38\\u8bc6\\u3001\\u4e2d\\u5916\\u5f71\\u89c6\\u4f5c\\u54c1\\u5206\\u6790\\u3001\\u5f71\\u89c6\\u57fa\\u7840\\u77e5\\u8bc6\\u53d9\\u4e8b\\u6563\\u6587\\u3001\\u5e7f\\u544a\\u521b\\u610f\\u3001\\u680f\\u76ee\\u7b56\\u5212\\u7b49\\u3002<\\/p><p><br\\/><\\/p><p><span style=\\\"color: rgb(112, 48, 160);\\\"><strong>\\u62a5\\u8003\\u6761\\u4ef6<\\/strong><\\/span><\\/p><p>\\u6587\\u5b57\\u5199\\u4f5c\\u3001\\u6587\\u5b66\\u79ef\\u7d2f\\u3001\\u9605\\u7247\\u79ef\\u7d2f\\u3001\\u5373\\u5174\\u601d\\u7ef4\\u3001\\u903b\\u8f91\\u601d\\u7ef4\\u7b49\\uff0c\\u65e0\\u8eab\\u9ad8\\u8981\\u6c42\\u3002<\\/p><p><br\\/><\\/p><p><span style=\\\"color: rgb(112, 48, 160);\\\"><strong>\\u8003\\u8bd5\\u5185\\u5bb9<\\/strong><\\/span><\\/p><p>\\u81ea\\u6211\\u4ecb\\u7ecd\\u3001\\u6545\\u4e8b\\u7f16\\u5199\\u3001\\u6587\\u827a\\u5e38\\u8bc6\\u3001\\u5f71\\u89c6\\u4f5c\\u54c1\\u5206\\u6790\\u3001\\u5373\\u5174\\u8bc4\\u8ff0\\u3001\\u5e7f\\u544a\\u521b\\u610f\\u3001\\u8282\\u76ee\\u6d3b\\u52a8\\u7b56\\u5212\\u7b49\\u3002\\r\\n &nbsp; &nbsp; &nbsp; &nbsp;<\\/p>\"}', '2017-12-14 05:28:49', '2017-12-14 05:28:49'), ('354', '1', 'admin/media', 'GET', '::1', '[]', '2017-12-14 05:28:49', '2017-12-14 05:28:49'), ('355', '1', 'admin/media/create', 'GET', '::1', '{\"_pjax\":\"#pjax-container\"}', '2017-12-14 05:33:48', '2017-12-14 05:33:48'), ('356', '1', 'admin/media', 'POST', '::1', '{\"title\":\"\\u5f71\\u89c6\\u8868\\u6f14\",\"status\":\"\\u542f\\u7528\",\"_token\":\"IPNyXJsdz5KroDlLnQ1KDevcFpL1ZfpkUGoK4hGv\",\"_previous_\":\"http:\\/\\/localhost\\/admin\\/media\",\"content\":\"<p><span style=\\\"color: rgb(112, 48, 160);\\\"><strong>\\u4e13\\u4e1a\\u65b9\\u5411<\\/strong><\\/span><\\/p><p>\\u5f71\\u89c6\\u8868\\u6f14\\u3001\\u8bdd\\u5267\\u8868\\u6f14\\u3001\\u65f6\\u88c5\\u8868\\u6f14\\u3001\\u6a21\\u7279\\u8868\\u6f14\\u7b49\\u3002<\\/p><p><br\\/><\\/p><p><span style=\\\"color: rgb(112, 48, 160);\\\"><strong>\\u8bfe\\u7a0b\\u5185\\u5bb9<\\/strong><\\/span><\\/p><p>\\u6717\\u8bf5\\u3001\\u58f0\\u4e50\\u3001\\u8868\\u6f14\\u3001\\u5f62\\u4f53\\u7b49\\u3002<\\/p><p><br\\/><\\/p><p><span style=\\\"color: rgb(112, 48, 160);\\\"><strong>\\u62a5\\u8003\\u6761\\u4ef6<\\/strong><\\/span><\\/p><p>\\u957f\\u76f8\\u3001\\u8eab\\u9ad8\\u3001\\u5373\\u5174\\u601d\\u7ef4\\u3001\\u624d\\u827a\\u3001\\u821e\\u53f0\\u7ecf\\u9a8c\\u3001\\u8bed\\u8a00\\u8868\\u8fbe\\u7b49\\uff0c\\u4e94\\u5b98\\u7aef\\u6b63\\u3001\\u4e3e\\u6b62\\u5927\\u65b9\\u5f97\\u4f53\\uff0c\\u7537170cm\\u4ee5\\u4e0a\\uff0c\\u5973160cm\\u4ee5\\u4e0a\\u3002<\\/p><p><br\\/><\\/p><p><span style=\\\"color: rgb(112, 48, 160);\\\"><strong>\\u8003\\u8bd5\\u5185\\u5bb9<\\/strong><\\/span><\\/p><p>\\u81ea\\u6211\\u4ecb\\u7ecd\\u3001\\u58f0\\u97f3\\u3001\\u53f0\\u8bcd\\u3001\\u5f62\\u4f53\\u3001\\u8868\\u6f14\\uff08\\u5355\\u4eba\\u6216\\u591a\\u4eba\\u8868\\u6f14\\uff09\\u3001\\u624d\\u827a\\u5c55\\u793a\\u3001\\u5c0f\\u54c1\\u521b\\u4f5c\\u7b49\\u3002<\\/p>\"}', '2017-12-14 05:34:59', '2017-12-14 05:34:59'), ('357', '1', 'admin/media', 'GET', '::1', '[]', '2017-12-14 05:35:00', '2017-12-14 05:35:00'), ('358', '1', 'admin/media/create', 'GET', '::1', '{\"_pjax\":\"#pjax-container\"}', '2017-12-14 05:36:31', '2017-12-14 05:36:31'), ('359', '1', 'admin/media', 'POST', '::1', '{\"title\":\"\\u6444\\u5f71\\u6444\\u50cf\",\"status\":\"\\u542f\\u7528\",\"_token\":\"IPNyXJsdz5KroDlLnQ1KDevcFpL1ZfpkUGoK4hGv\",\"_previous_\":\"http:\\/\\/localhost\\/admin\\/media\",\"content\":\"<p><span style=\\\"color: rgb(112, 48, 160);\\\"><strong>\\u4e13\\u4e1a\\u65b9\\u5411<\\/strong><\\/span><\\/p><p>\\u6444\\u5f71\\u6444\\u50cf\\u3001\\u56fe\\u7247\\u6444\\u5f71\\u3001\\u821e\\u53f0\\u7167\\u660e\\u827a\\u672f\\u3001\\u6570\\u5b57\\u5a92\\u4f53\\u827a\\u672f\\u3001\\u5f71\\u89c6\\u5236\\u4f5c\\u7b49\\u3002<\\/p><p><br\\/><\\/p><p><span style=\\\"color: rgb(112, 48, 160);\\\"><strong>\\u8bfe\\u7a0b\\u5185\\u5bb9<\\/strong><\\/span><\\/p><p>\\u6587\\u5b66\\u827a\\u672f\\u5e38\\u8bc6\\u3001\\u6444\\u5f71\\u57fa\\u7840\\u3001\\u6444\\u5f71\\u4f5c\\u54c1\\u8d4f\\u6790\\u3001\\u65b0\\u95fb\\u4e8b\\u4ef6\\u5206\\u6790\\u4e0e\\u9610\\u8ff0\\u3001\\u547d\\u9898\\u6545\\u4e8b\\u3001\\u53d9\\u4e8b\\u5199\\u4f5c\\u3001\\u6a21\\u62df\\u73b0\\u573a\\u62cd\\u6444\\u7b49\\u3002<\\/p><p><br\\/><\\/p><p><span style=\\\"color: rgb(112, 48, 160);\\\"><strong>\\u62a5\\u8003\\u6761\\u4ef6<\\/strong><\\/span><\\/p><p>\\u65e0\\u8272\\u76f2\\u8272\\u5f31\\u3001\\u77eb\\u6b63\\u89c6\\u529b4.8\\u4ee5\\u4e0a\\u3001\\u65e0\\u5e73\\u8db3\\u3001\\u7537\\u8eab\\u9ad8170cm\\u4ee5\\u4e0a\\u3001\\u5973160cm\\u4ee5\\u4e0a\\u3002<\\/p><p><br\\/><\\/p><p><span style=\\\"color: rgb(112, 48, 160);\\\"><strong>\\u8003\\u8bd5\\u5185\\u5bb9<\\/strong><\\/span><\\/p><p>\\u6587\\u5b66\\u5e38\\u8bc6\\u3001\\u6444\\u5f71\\u57fa\\u7840\\u77e5\\u8bc6\\u3001\\u6444\\u5f71\\u4f5c\\u54c1\\u5206\\u6790\\u3001\\u65b0\\u95fb\\u4e8b\\u4ef6\\u5206\\u6790\\u4e0e\\u9610\\u8ff0\\u3001\\u547d\\u9898\\u6545\\u4e8b\\u3001\\u53d9\\u4e8b\\u5199\\u4f5c\\u3001\\u6a21\\u62df\\u73b0\\u573a\\u62cd\\u6444\\u7b49\\u3002<\\/p>\"}', '2017-12-14 05:37:25', '2017-12-14 05:37:25'), ('360', '1', 'admin/media', 'GET', '::1', '[]', '2017-12-14 05:37:25', '2017-12-14 05:37:25'), ('361', '1', 'admin/media/create', 'GET', '::1', '{\"_pjax\":\"#pjax-container\"}', '2017-12-14 05:38:21', '2017-12-14 05:38:21'), ('362', '1', 'admin/media', 'POST', '::1', '{\"title\":\"\\u53ef\\u8003\\u9662\\u6821\",\"status\":\"\\u542f\\u7528\",\"_token\":\"IPNyXJsdz5KroDlLnQ1KDevcFpL1ZfpkUGoK4hGv\",\"_previous_\":\"http:\\/\\/localhost\\/admin\\/media\",\"content\":\"<p><span style=\\\"color: rgb(112, 48, 160);\\\"><strong>\\u5168\\u56fd\\u76ee\\u524d\\u5f00\\u8bbe\\u51fa\\u4f20\\u5a92\\u7c7b\\u4e13\\u4e1a\\u7684\\u9662\\u6821\\u591a\\u8fbe300\\u591a\\u6240\\u5e76\\u9010\\u5e74\\u589e\\u52a0\\uff1a<\\/strong><\\/span><\\/p><p><br\\/><\\/p><p><span style=\\\"color: rgb(112, 48, 160);\\\"><strong>\\u8457\\u540d\\u4f20\\u5a92\\u9662\\u6821<\\/strong><\\/span><\\/p><p>\\u4e2d\\u56fd\\u4f20\\u5a92\\u5927\\u5b66\\u3001\\u5317\\u4eac\\u7535\\u5f71\\u5b66\\u9662\\u3001\\u4e2d\\u592e\\u620f\\u5267\\u5b66\\u9662\\u3001\\u4e0a\\u6d77\\u620f\\u5267\\u5b66\\u9662\\u3001\\u4e2d\\u56fd\\u620f\\u66f2\\u5b66\\u9662\\u3001\\u5357\\u4eac\\u827a\\u672f\\u5b66\\u9662\\u3001\\u6d59\\u6c5f\\u4f20\\u5a92\\u5b66\\u9662\\u7b49\\u3002<\\/p><p><br\\/><\\/p><p><span style=\\\"color: rgb(112, 48, 160);\\\"><strong>\\u5e7f\\u4e1c\\u7701\\u5185\\u9662\\u6821<\\/strong><\\/span><\\/p><p>\\u66a8\\u5357\\u5927\\u5b66\\u3001\\u534e\\u5357\\u519c\\u4e1a\\u5927\\u5b66\\u3001\\u5e7f\\u4e1c\\u5916\\u8bed\\u5916\\u8d38\\u5927\\u5b66\\u3001\\u5e7f\\u5dde\\u5927\\u5b66\\u3001\\u6df1\\u5733\\u5927\\u5b66\\u3001\\u5e7f\\u5dde\\u4f53\\u80b2\\u5b66\\u9662\\u3001\\u5e7f\\u4e1c\\u8d22\\u7ecf\\u5927\\u5b66\\u3001\\u5e7f\\u4e1c\\u6d77\\u6d0b\\u5927\\u5b66\\u3001\\u5317\\u4eac\\u5e08\\u8303\\u5927\\u5b66\\u73e0\\u6d77\\u5206\\u6821\\u7b49\\u3002<\\/p><p><br\\/><\\/p><p><span style=\\\"color: rgb(112, 48, 160);\\\"><strong>\\u7efc\\u5408\\u7c7b\\u9662\\u6821<\\/strong><\\/span><\\/p><p>\\u5317\\u4eac\\u5e08\\u8303\\u5927\\u5b66\\u3001\\u6b66\\u6c49\\u5927\\u5b66\\u3001\\u91cd\\u5e86\\u5927\\u5b66\\u3001\\u5357\\u4eac\\u5927\\u5b66\\u3001\\u6e56\\u5357\\u5927\\u5b66\\u3001\\u56db\\u5ddd\\u5927\\u5b66\\u3001\\u5409\\u6797\\u5927\\u5b66\\u7b49\\u3002<\\/p>\"}', '2017-12-14 05:39:29', '2017-12-14 05:39:29'), ('363', '1', 'admin/media', 'GET', '::1', '[]', '2017-12-14 05:39:30', '2017-12-14 05:39:30'), ('364', '1', 'admin/media', 'GET', '::1', '[]', '2017-12-14 05:44:29', '2017-12-14 05:44:29'), ('365', '1', 'admin/media/1/edit', 'GET', '::1', '{\"_pjax\":\"#pjax-container\"}', '2017-12-14 05:44:35', '2017-12-14 05:44:35'), ('366', '1', 'admin/media', 'GET', '::1', '{\"_pjax\":\"#pjax-container\"}', '2017-12-14 05:44:38', '2017-12-14 05:44:38'), ('367', '1', 'admin/media', 'GET', '::1', '[]', '2017-12-14 05:44:50', '2017-12-14 05:44:50'), ('368', '1', 'admin/media', 'GET', '::1', '[]', '2017-12-14 05:44:58', '2017-12-14 05:44:58'), ('369', '1', 'admin/media', 'GET', '::1', '[]', '2017-12-14 05:45:40', '2017-12-14 05:45:40'), ('370', '1', 'admin/media', 'GET', '::1', '{\"_pjax\":\"#pjax-container\"}', '2017-12-14 05:45:42', '2017-12-14 05:45:42'), ('371', '1', 'admin/media', 'GET', '::1', '{\"_pjax\":\"#pjax-container\",\"_export_\":\"all\"}', '2017-12-14 05:45:47', '2017-12-14 05:45:47'), ('372', '1', 'admin/media', 'GET', '::1', '{\"_pjax\":\"#pjax-container\",\"id\":\"3\"}', '2017-12-14 05:45:55', '2017-12-14 05:45:55'), ('373', '1', 'admin/media', 'GET', '::1', '{\"id\":\"3\",\"_pjax\":\"#pjax-container\"}', '2017-12-14 05:45:58', '2017-12-14 05:45:58'), ('374', '1', 'admin/media', 'GET', '::1', '{\"_pjax\":\"#pjax-container\",\"id\":null}', '2017-12-14 05:46:03', '2017-12-14 05:46:03'), ('375', '1', 'admin/media', 'GET', '::1', '{\"_pjax\":\"#pjax-container\"}', '2017-12-14 05:46:06', '2017-12-14 05:46:06'), ('376', '1', 'admin/media', 'GET', '::1', '{\"_pjax\":\"#pjax-container\"}', '2017-12-14 05:46:07', '2017-12-14 05:46:07'), ('377', '1', 'admin/media', 'GET', '::1', '[]', '2017-12-14 05:46:30', '2017-12-14 05:46:30');
COMMIT;

-- ----------------------------
--  Table structure for `admin_permissions`
-- ----------------------------
DROP TABLE IF EXISTS `admin_permissions`;
CREATE TABLE `admin_permissions` (
  `id` int(10) unsigned NOT NULL AUTO_INCREMENT,
  `name` varchar(50) COLLATE utf8_unicode_ci NOT NULL,
  `slug` varchar(50) COLLATE utf8_unicode_ci NOT NULL,
  `http_method` varchar(255) COLLATE utf8_unicode_ci DEFAULT NULL,
  `http_path` text COLLATE utf8_unicode_ci,
  `created_at` timestamp NULL DEFAULT NULL,
  `updated_at` timestamp NULL DEFAULT NULL,
  PRIMARY KEY (`id`),
  UNIQUE KEY `admin_permissions_name_unique` (`name`)
) ENGINE=InnoDB AUTO_INCREMENT=8 DEFAULT CHARSET=utf8 COLLATE=utf8_unicode_ci;

-- ----------------------------
--  Records of `admin_permissions`
-- ----------------------------
BEGIN;
INSERT INTO `admin_permissions` VALUES ('1', 'All permission', '*', '', '*', null, null), ('2', 'Dashboard', 'dashboard', 'GET', '/', null, null), ('3', 'Login', 'auth.login', '', '/auth/login\r\n/auth/logout', null, null), ('4', 'User setting', 'auth.setting', 'GET,PUT', '/auth/setting', null, null), ('5', 'Auth management', 'auth.management', '', '/auth/roles\r\n/auth/permissions\r\n/auth/menu\r\n/auth/logs', null, null), ('6', '新闻情报', 'intelligence', '', '/intelligence\r\n/intelligence/*', '2017-11-15 09:19:53', '2017-11-22 10:29:59'), ('7', '帮助文档', 'help-doc', '', '/help-doc\r\n/help-doc/*', '2017-11-16 10:15:10', '2017-11-16 10:15:10');
COMMIT;

-- ----------------------------
--  Table structure for `admin_role_menu`
-- ----------------------------
DROP TABLE IF EXISTS `admin_role_menu`;
CREATE TABLE `admin_role_menu` (
  `role_id` int(11) NOT NULL,
  `menu_id` int(11) NOT NULL,
  `created_at` timestamp NULL DEFAULT NULL,
  `updated_at` timestamp NULL DEFAULT NULL,
  KEY `admin_role_menu_role_id_menu_id_index` (`role_id`,`menu_id`)
) ENGINE=InnoDB DEFAULT CHARSET=utf8 COLLATE=utf8_unicode_ci;

-- ----------------------------
--  Records of `admin_role_menu`
-- ----------------------------
BEGIN;
INSERT INTO `admin_role_menu` VALUES ('1', '2', null, null), ('1', '8', null, null), ('2', '8', null, null), ('1', '9', null, null), ('2', '9', null, null), ('1', '10', null, null), ('2', '10', null, null), ('1', '11', null, null), ('2', '11', null, null), ('1', '12', null, null), ('2', '12', null, null), ('1', '13', null, null), ('2', '13', null, null), ('1', '14', null, null), ('2', '14', null, null), ('1', '15', null, null), ('2', '15', null, null), ('1', '16', null, null), ('2', '16', null, null), ('1', '17', null, null), ('2', '17', null, null), ('1', '18', null, null), ('2', '18', null, null), ('1', '19', null, null), ('2', '19', null, null);
COMMIT;

-- ----------------------------
--  Table structure for `admin_role_permissions`
-- ----------------------------
DROP TABLE IF EXISTS `admin_role_permissions`;
CREATE TABLE `admin_role_permissions` (
  `role_id` int(11) NOT NULL,
  `permission_id` int(11) NOT NULL,
  `created_at` timestamp NULL DEFAULT NULL,
  `updated_at` timestamp NULL DEFAULT NULL,
  KEY `admin_role_permissions_role_id_permission_id_index` (`role_id`,`permission_id`)
) ENGINE=InnoDB DEFAULT CHARSET=utf8 COLLATE=utf8_unicode_ci;

-- ----------------------------
--  Records of `admin_role_permissions`
-- ----------------------------
BEGIN;
INSERT INTO `admin_role_permissions` VALUES ('1', '1', null, null), ('2', '3', null, null), ('2', '2', null, null), ('2', '4', null, null), ('2', '6', null, null), ('2', '7', null, null);
COMMIT;

-- ----------------------------
--  Table structure for `admin_role_users`
-- ----------------------------
DROP TABLE IF EXISTS `admin_role_users`;
CREATE TABLE `admin_role_users` (
  `role_id` int(11) NOT NULL,
  `user_id` int(11) NOT NULL,
  `created_at` timestamp NULL DEFAULT NULL,
  `updated_at` timestamp NULL DEFAULT NULL,
  KEY `admin_role_users_role_id_user_id_index` (`role_id`,`user_id`)
) ENGINE=InnoDB DEFAULT CHARSET=utf8 COLLATE=utf8_unicode_ci;

-- ----------------------------
--  Records of `admin_role_users`
-- ----------------------------
BEGIN;
INSERT INTO `admin_role_users` VALUES ('1', '1', null, null), ('2', '2', null, null), ('2', '3', null, null);
COMMIT;

-- ----------------------------
--  Table structure for `admin_roles`
-- ----------------------------
DROP TABLE IF EXISTS `admin_roles`;
CREATE TABLE `admin_roles` (
  `id` int(10) unsigned NOT NULL AUTO_INCREMENT,
  `name` varchar(50) COLLATE utf8_unicode_ci NOT NULL,
  `slug` varchar(50) COLLATE utf8_unicode_ci NOT NULL,
  `created_at` timestamp NULL DEFAULT NULL,
  `updated_at` timestamp NULL DEFAULT NULL,
  PRIMARY KEY (`id`),
  UNIQUE KEY `admin_roles_name_unique` (`name`)
) ENGINE=InnoDB AUTO_INCREMENT=3 DEFAULT CHARSET=utf8 COLLATE=utf8_unicode_ci;

-- ----------------------------
--  Records of `admin_roles`
-- ----------------------------
BEGIN;
INSERT INTO `admin_roles` VALUES ('1', 'Administrator', 'administrator', '2017-11-14 07:39:59', '2017-11-14 07:39:59'), ('2', 'PM', 'project manager', '2017-11-15 09:18:10', '2017-11-15 09:18:10');
COMMIT;

-- ----------------------------
--  Table structure for `admin_user_permissions`
-- ----------------------------
DROP TABLE IF EXISTS `admin_user_permissions`;
CREATE TABLE `admin_user_permissions` (
  `user_id` int(11) NOT NULL,
  `permission_id` int(11) NOT NULL,
  `created_at` timestamp NULL DEFAULT NULL,
  `updated_at` timestamp NULL DEFAULT NULL,
  KEY `admin_user_permissions_user_id_permission_id_index` (`user_id`,`permission_id`)
) ENGINE=InnoDB DEFAULT CHARSET=utf8 COLLATE=utf8_unicode_ci;

-- ----------------------------
--  Table structure for `admin_users`
-- ----------------------------
DROP TABLE IF EXISTS `admin_users`;
CREATE TABLE `admin_users` (
  `id` int(10) unsigned NOT NULL AUTO_INCREMENT,
  `username` varchar(190) COLLATE utf8_unicode_ci NOT NULL,
  `password` varchar(60) COLLATE utf8_unicode_ci NOT NULL,
  `name` varchar(255) COLLATE utf8_unicode_ci NOT NULL,
  `avatar` varchar(255) COLLATE utf8_unicode_ci DEFAULT NULL,
  `remember_token` varchar(100) COLLATE utf8_unicode_ci DEFAULT NULL,
  `created_at` timestamp NULL DEFAULT NULL,
  `updated_at` timestamp NULL DEFAULT NULL,
  PRIMARY KEY (`id`),
  UNIQUE KEY `admin_users_username_unique` (`username`)
) ENGINE=InnoDB AUTO_INCREMENT=3 DEFAULT CHARSET=utf8 COLLATE=utf8_unicode_ci;

-- ----------------------------
--  Records of `admin_users`
-- ----------------------------
BEGIN;
INSERT INTO `admin_users` VALUES ('1', 'admin', '$2y$10$EJ7Cy34vDC2/wvJ31vrK6umnlnCSMY7EPxovVMRKtQKANCtDOIC/y', 'Administrator', null, '5jPVeIUhSau2uORSAtsk0XOTxQtZouAOYGWguMxP25BnbHyrmpT9S6yvkzja', '2017-11-14 07:39:59', '2017-11-14 08:08:26'), ('2', 'manager', '$2y$10$DWNpB0whICVQrqI02lseReSb2anr4XeM0205SsOFImLtsuOP.RzzK', 'manager', '', 'bIlOmHfR0QqS1othrNPGyDjIP6ahs8RQ0UbvkI5TyBLsW69vwJBByajw1RtG', '2017-11-15 09:15:19', '2017-11-22 10:25:24');
COMMIT;

-- ----------------------------
--  Table structure for `class_schedules`
-- ----------------------------
DROP TABLE IF EXISTS `class_schedules`;
CREATE TABLE `class_schedules` (
  `id` int(11) NOT NULL AUTO_INCREMENT,
  `name` varchar(255) NOT NULL,
  `description` varchar(255) DEFAULT NULL,
  `content` varchar(255) DEFAULT NULL,
  `semester` varchar(255) DEFAULT NULL,
  `fee` varchar(255) DEFAULT NULL,
  `type` varchar(255) DEFAULT NULL,
  `homepage_view` varchar(255) DEFAULT NULL,
  `status` varchar(255) DEFAULT NULL,
  `created_at` timestamp NOT NULL DEFAULT '0000-00-00 00:00:00',
  `updated_at` timestamp NOT NULL DEFAULT '0000-00-00 00:00:00',
  PRIMARY KEY (`id`)
) ENGINE=InnoDB AUTO_INCREMENT=2 DEFAULT CHARSET=utf8;

-- ----------------------------
--  Records of `class_schedules`
-- ----------------------------
BEGIN;
INSERT INTO `class_schedules` VALUES ('1', '美术高考基础班', '没有任何基础，有志于参加艺术设计类院校高考的学员。没有任何基础，有志于参加艺术设计类院校高考的学员。没有任何基础，有志于参加艺术设计类院校高考的学员。没有任何基础，有志于参加艺术设计类院校高考的学员。', '素描几何石膏、素描静物、人物头像速写、水粉静物、水粉人物', '12', '4800', '0', '1', '启用', '2017-12-05 10:20:22', '2017-12-06 03:50:41');
COMMIT;

-- ----------------------------
--  Table structure for `classroom`
-- ----------------------------
DROP TABLE IF EXISTS `classroom`;
CREATE TABLE `classroom` (
  `id` int(11) NOT NULL AUTO_INCREMENT,
  `caption` varchar(255) DEFAULT NULL,
  `image` text,
  `location` varchar(255) DEFAULT NULL,
  `status` varchar(255) DEFAULT NULL,
  `created_at` timestamp NOT NULL DEFAULT '0000-00-00 00:00:00',
  `updated_at` timestamp NOT NULL DEFAULT '0000-00-00 00:00:00',
  PRIMARY KEY (`id`)
) ENGINE=InnoDB AUTO_INCREMENT=13 DEFAULT CHARSET=utf8;

-- ----------------------------
--  Records of `classroom`
-- ----------------------------
BEGIN;
INSERT INTO `classroom` VALUES ('1', '1', 'images/classrooms/7346c9d5324571083622c9d672b0414c.png', '东莞校区', '启用', '2017-12-04 06:06:15', '2017-12-04 06:06:15'), ('2', '2', 'images/classrooms/7ae0bb43eb170d74a6ec3e305ec207be.png', '东莞校区', '启用', '2017-12-04 06:06:22', '2017-12-04 06:06:22'), ('3', '3', 'images/classrooms/ed35e88060f2d7c678b5326fab001487.png', '东莞校区', '启用', '2017-12-04 06:13:00', '2017-12-04 06:13:00'), ('4', '4', 'images/classrooms/a0d32fcbce2c97ef10702f95a59ab53e.png', '东莞校区', '启用', '2017-12-04 06:13:08', '2017-12-04 06:13:08'), ('5', '5', 'images/classrooms/5e74716f3e6c3de7ad43352624a2fd8b.png', '东莞校区', '启用', '2017-12-04 06:13:15', '2017-12-04 06:13:15'), ('6', '6', 'images/classrooms/8aeb94249d943afe4ae4fb5bb5c18c85.png', '东莞校区', '启用', '2017-12-04 06:13:22', '2017-12-04 06:13:22'), ('7', '1', 'images/classrooms/276821a1ba79b866b297a57820b2ac0e.png', '广州校区', '启用', '2017-12-04 06:24:19', '2017-12-04 06:24:19'), ('8', '2', 'images/classrooms/12f73734f9e2061e8b8dc49c72b0a8ab.png', '广州校区', '启用', '2017-12-04 06:24:28', '2017-12-04 06:24:28'), ('9', '3', 'images/classrooms/f7c36f15ce82174f833c90db08b4f8b4.png', '广州校区', '启用', '2017-12-04 06:24:41', '2017-12-04 06:24:41'), ('10', '4', 'images/classrooms/9561336a637cee0bc8ff75800b3e7379.png', '广州校区', '启用', '2017-12-04 06:24:52', '2017-12-04 06:24:52'), ('11', '5', 'images/classrooms/212f2937cf5edb099624b574885eb273.png', '广州校区', '启用', '2017-12-04 06:24:59', '2017-12-04 06:24:59'), ('12', '6', 'images/classrooms/f6951e9aa0b86dafb57d422e5dfb698f.png', '广州校区', '启用', '2017-12-04 06:25:11', '2017-12-04 06:25:11');
COMMIT;

-- ----------------------------
--  Table structure for `help_docs`
-- ----------------------------
DROP TABLE IF EXISTS `help_docs`;
CREATE TABLE `help_docs` (
  `id` int(11) NOT NULL AUTO_INCREMENT,
  `title` varchar(255) DEFAULT NULL,
  `focus_img_url` varchar(255) DEFAULT NULL,
  `summary` text,
  `content` longtext,
  `author` varchar(255) DEFAULT NULL,
  `status` varchar(255) DEFAULT NULL,
  `created_at` timestamp NOT NULL DEFAULT '0000-00-00 00:00:00',
  `updated_at` timestamp NOT NULL DEFAULT '0000-00-00 00:00:00',
  PRIMARY KEY (`id`)
) ENGINE=InnoDB DEFAULT CHARSET=utf8 ROW_FORMAT=COMPACT;

-- ----------------------------
--  Table structure for `intelligences`
-- ----------------------------
DROP TABLE IF EXISTS `intelligences`;
CREATE TABLE `intelligences` (
  `id` int(11) NOT NULL AUTO_INCREMENT,
  `title` varchar(255) DEFAULT NULL,
  `focus_img_url` varchar(255) DEFAULT NULL,
  `summary` text,
  `content` longtext,
  `author` varchar(255) DEFAULT NULL,
  `status` varchar(255) DEFAULT NULL,
  `created_at` timestamp NOT NULL DEFAULT '0000-00-00 00:00:00',
  `updated_at` timestamp NOT NULL DEFAULT '0000-00-00 00:00:00',
  PRIMARY KEY (`id`)
) ENGINE=InnoDB AUTO_INCREMENT=2 DEFAULT CHARSET=utf8 ROW_FORMAT=COMPACT;

-- ----------------------------
--  Records of `intelligences`
-- ----------------------------
BEGIN;
INSERT INTO `intelligences` VALUES ('1', '新校区落成', 'images/news/7c324d1b14599da203cd03c12d4d0c1b.png', '为了更好的服务广大的考生，艺动教育重金重新打造新校区。', '<p>为了更好的服务广大的考生，艺动教育重金重新打造新校区。为了更好的服务广大的考生，艺动教育重金重新打造新校区。为了更好的服务广大的考生，艺动教育重金重新打造新校区。为了更好的服务广大的考生，艺动教育重金重新打造新校区。为了更好的服务广大的考生，艺动教育重金重新打造新校区。为了更好的服务广大的考生，艺动教育重金重新打造新校区。</p>', null, '启用', '2017-12-06 15:26:59', '2017-12-06 15:26:59');
COMMIT;

-- ----------------------------
--  Table structure for `introductions`
-- ----------------------------
DROP TABLE IF EXISTS `introductions`;
CREATE TABLE `introductions` (
  `id` int(11) NOT NULL AUTO_INCREMENT,
  `title` varchar(255) DEFAULT NULL,
  `focus_img_url` varchar(255) DEFAULT NULL,
  `summary` text,
  `content` longtext,
  `slogan` text,
  `author` varchar(255) DEFAULT NULL,
  `status` varchar(255) DEFAULT NULL,
  `created_at` timestamp NOT NULL DEFAULT '0000-00-00 00:00:00',
  `updated_at` timestamp NOT NULL DEFAULT '0000-00-00 00:00:00',
  PRIMARY KEY (`id`)
) ENGINE=InnoDB AUTO_INCREMENT=2 DEFAULT CHARSET=utf8 ROW_FORMAT=COMPACT;

-- ----------------------------
--  Records of `introductions`
-- ----------------------------
BEGIN;
INSERT INTO `introductions` VALUES ('1', null, null, '艺动教育，全称东莞市艺动教育投资有限公司，公司核心团队自2010年起从事艺术教育项目，并于2017年进行项目架构和教学场地升级，是通过东莞市教育局审批的正规持证课外艺术培训服务机构。', '<p>目前，凭借着多元化的<span style=\"color: rgb(128, 100, 162);\">艺术教育</span>资源优势，整合覆盖国内外的艺术升学渠道，艺动教育的艺术升学专注于传媒艺术和美术两大范畴，服务项目包括：传媒传媒艺考、美术艺考、初中美术特长生、艺术留学、艺术游学、国际交换生、外语培训等。</p><p style=\"white-space: normal;\"><br/></p><p style=\"white-space: normal;\">为年龄段从初中到大学的学员在艺术升学的道路上提供服务和帮助。我们尊重每一位学员的兴趣及艺术天赋，遵循国内外各大艺术院校的人才选拔机制和规律，全程为学员定制出最优的艺术升学规划，力求成为您考取理想艺术院校的实力护航者！</p><p><br/></p><p><br/></p>', '因艺而动 MOVING FOR ART', null, '启用', '2017-11-30 07:01:13', '2017-12-12 03:33:54');
COMMIT;

-- ----------------------------
--  Table structure for `media_arts`
-- ----------------------------
DROP TABLE IF EXISTS `media_arts`;
CREATE TABLE `media_arts` (
  `id` int(11) NOT NULL AUTO_INCREMENT,
  `title` varchar(255) DEFAULT NULL,
  `focus_img_url` varchar(255) DEFAULT NULL,
  `content` longtext,
  `status` varchar(255) DEFAULT NULL,
  `created_at` timestamp NOT NULL DEFAULT '0000-00-00 00:00:00',
  `updated_at` timestamp NOT NULL DEFAULT '0000-00-00 00:00:00',
  PRIMARY KEY (`id`)
) ENGINE=InnoDB AUTO_INCREMENT=7 DEFAULT CHARSET=utf8 ROW_FORMAT=COMPACT;

-- ----------------------------
--  Records of `media_arts`
-- ----------------------------
BEGIN;
INSERT INTO `media_arts` VALUES ('1', '项目简介', null, '<p>传媒类专业是我国各大高校为适应快速发展的传媒行业，面向广播、电影、电视、网络、会展、广告出版等媒体行业及企业、培养高层次专业人才开设的新兴学科。传媒艺考即通过传媒专业参加全国各大院校艺术高考，主要包括播音主持类、影视编导类、摄影摄像类、表演空乘类四大专业，与美术、音乐、体育并称高考小四科。</p>', '启用', '2017-12-14 04:11:10', '2017-12-14 04:11:10'), ('2', '播音主持', null, '<p><span style=\"color: rgb(112, 48, 160);\"><strong>专业方向</strong></span></p><p>双语播音主持（中英）、普通话播音主持、粤语播音主持、国际交流、播音配音、文化礼仪等。</p><p><br/></p><p><strong><span style=\"color: rgb(112, 48, 160);\">课程内容</span></strong></p><p>播音发声、语音校正、表达基础、形体礼仪、新闻播读、自备稿件、文学朗诵、自备稿件、即兴评述、模拟主持、现场报道、上镜练习等。</p><p><br/></p><p><span style=\"color: rgb(112, 48, 160);\"><strong>报考条件</strong></span></p><p>发音器官无疾病、无色盲夜盲、形象气质好，男身高170cm以上，女160cm以上。</p><p><br/></p><p><span style=\"color: rgb(112, 48, 160);\"><strong>考试内容</strong></span></p><p>自我介绍、自备稿件、指定稿件、即兴评述、命题演讲、才艺展示、模拟主持。</p>', '启用', '2017-12-14 04:48:48', '2017-12-14 04:48:48'), ('3', '影视编导', null, '<p><span style=\"color: rgb(112, 48, 160);\"><strong>专业方向</strong></span></p><p>电视编导、影视导演、文艺编导、影视文学、媒体创意、数字媒体、节目制作、艺术管理、公共事业管理、制片管理等。</p><p><br/></p><p><span style=\"color: rgb(112, 48, 160);\"><strong>课程内容</strong></span></p><p>命题演讲、视听语言分析、艺术概论、命题写作及技巧、编讲故事、即兴创作与评述、文学艺术常识、中外影视作品分析、影视基础知识叙事散文、广告创意、栏目策划等。</p><p><br/></p><p><span style=\"color: rgb(112, 48, 160);\"><strong>报考条件</strong></span></p><p>文字写作、文学积累、阅片积累、即兴思维、逻辑思维等，无身高要求。</p><p><br/></p><p><span style=\"color: rgb(112, 48, 160);\"><strong>考试内容</strong></span></p><p>自我介绍、故事编写、文艺常识、影视作品分析、即兴评述、广告创意、节目活动策划等。\r\n &nbsp; &nbsp; &nbsp; &nbsp;</p>', '启用', '2017-12-14 05:26:31', '2017-12-14 05:28:49'), ('4', '影视表演', null, '<p><span style=\"color: rgb(112, 48, 160);\"><strong>专业方向</strong></span></p><p>影视表演、话剧表演、时装表演、模特表演等。</p><p><br/></p><p><span style=\"color: rgb(112, 48, 160);\"><strong>课程内容</strong></span></p><p>朗诵、声乐、表演、形体等。</p><p><br/></p><p><span style=\"color: rgb(112, 48, 160);\"><strong>报考条件</strong></span></p><p>长相、身高、即兴思维、才艺、舞台经验、语言表达等，五官端正、举止大方得体，男170cm以上，女160cm以上。</p><p><br/></p><p><span style=\"color: rgb(112, 48, 160);\"><strong>考试内容</strong></span></p><p>自我介绍、声音、台词、形体、表演（单人或多人表演）、才艺展示、小品创作等。</p>', '启用', '2017-12-14 05:34:59', '2017-12-14 05:34:59'), ('5', '摄影摄像', null, '<p><span style=\"color: rgb(112, 48, 160);\"><strong>专业方向</strong></span></p><p>摄影摄像、图片摄影、舞台照明艺术、数字媒体艺术、影视制作等。</p><p><br/></p><p><span style=\"color: rgb(112, 48, 160);\"><strong>课程内容</strong></span></p><p>文学艺术常识、摄影基础、摄影作品赏析、新闻事件分析与阐述、命题故事、叙事写作、模拟现场拍摄等。</p><p><br/></p><p><span style=\"color: rgb(112, 48, 160);\"><strong>报考条件</strong></span></p><p>无色盲色弱、矫正视力4.8以上、无平足、男身高170cm以上、女160cm以上。</p><p><br/></p><p><span style=\"color: rgb(112, 48, 160);\"><strong>考试内容</strong></span></p><p>文学常识、摄影基础知识、摄影作品分析、新闻事件分析与阐述、命题故事、叙事写作、模拟现场拍摄等。</p>', '启用', '2017-12-14 05:37:25', '2017-12-14 05:37:25'), ('6', '可考院校', null, '<p><span style=\"color: rgb(112, 48, 160);\"><strong>全国目前开设出传媒类专业的院校多达300多所并逐年增加：</strong></span></p><p><br/></p><p><span style=\"color: rgb(112, 48, 160);\"><strong>著名传媒院校</strong></span></p><p>中国传媒大学、北京电影学院、中央戏剧学院、上海戏剧学院、中国戏曲学院、南京艺术学院、浙江传媒学院等。</p><p><br/></p><p><span style=\"color: rgb(112, 48, 160);\"><strong>广东省内院校</strong></span></p><p>暨南大学、华南农业大学、广东外语外贸大学、广州大学、深圳大学、广州体育学院、广东财经大学、广东海洋大学、北京师范大学珠海分校等。</p><p><br/></p><p><span style=\"color: rgb(112, 48, 160);\"><strong>综合类院校</strong></span></p><p>北京师范大学、武汉大学、重庆大学、南京大学、湖南大学、四川大学、吉林大学等。</p>', '启用', '2017-12-14 05:39:29', '2017-12-14 05:39:29');
COMMIT;

-- ----------------------------
--  Table structure for `migrations`
-- ----------------------------
DROP TABLE IF EXISTS `migrations`;
CREATE TABLE `migrations` (
  `id` int(10) unsigned NOT NULL AUTO_INCREMENT,
  `migration` varchar(255) COLLATE utf8_unicode_ci NOT NULL,
  `batch` int(11) NOT NULL,
  PRIMARY KEY (`id`)
) ENGINE=InnoDB AUTO_INCREMENT=4 DEFAULT CHARSET=utf8 COLLATE=utf8_unicode_ci;

-- ----------------------------
--  Records of `migrations`
-- ----------------------------
BEGIN;
INSERT INTO `migrations` VALUES ('1', '2014_10_12_000000_create_users_table', '1'), ('2', '2014_10_12_100000_create_password_resets_table', '1'), ('3', '2016_01_04_173148_create_admin_tables', '1');
COMMIT;

-- ----------------------------
--  Table structure for `password_resets`
-- ----------------------------
DROP TABLE IF EXISTS `password_resets`;
CREATE TABLE `password_resets` (
  `email` varchar(255) COLLATE utf8_unicode_ci NOT NULL,
  `token` varchar(255) COLLATE utf8_unicode_ci NOT NULL,
  `created_at` timestamp NULL DEFAULT NULL,
  KEY `password_resets_email_index` (`email`)
) ENGINE=InnoDB DEFAULT CHARSET=utf8 COLLATE=utf8_unicode_ci;

-- ----------------------------
--  Table structure for `students`
-- ----------------------------
DROP TABLE IF EXISTS `students`;
CREATE TABLE `students` (
  `id` int(11) NOT NULL AUTO_INCREMENT,
  `caption` varchar(255) DEFAULT NULL,
  `image` text,
  `status` varchar(255) DEFAULT NULL,
  `created_at` timestamp NOT NULL DEFAULT '0000-00-00 00:00:00',
  `updated_at` timestamp NOT NULL DEFAULT '0000-00-00 00:00:00',
  PRIMARY KEY (`id`)
) ENGINE=InnoDB AUTO_INCREMENT=8 DEFAULT CHARSET=utf8;

-- ----------------------------
--  Records of `students`
-- ----------------------------
BEGIN;
INSERT INTO `students` VALUES ('1', '1', 'images/students/d4f4f67a9b3a29609d87e333dc3362d0.png', '启用', '2017-12-03 14:56:20', '2017-12-03 15:11:52'), ('2', '2', 'images/students/a7afe670a936829e7f094ce7f7c993c5.png', '启用', '2017-12-03 15:12:01', '2017-12-03 15:12:01'), ('3', '3', 'images/students/5531de089154cbf7a4256362df51dc8c.png', '启用', '2017-12-03 15:12:08', '2017-12-03 15:12:08'), ('4', '4', 'images/students/255da03782c5a013871e9e1f12218ac3.png', '启用', '2017-12-03 15:12:16', '2017-12-03 15:12:40'), ('5', '5', 'images/students/b74972211558a7d5acfe37abdd89c2a6.png', '启用', '2017-12-03 15:12:23', '2017-12-03 15:12:23'), ('6', '6', 'images/students/8c9165f99f166884921b2f289ee127ac.png', '启用', '2017-12-03 15:12:48', '2017-12-03 15:12:48'), ('7', '7', 'images/students/90b04f987fecc88da6e198b4a21fedb4.png', '启用', '2017-12-03 15:12:55', '2017-12-03 15:12:55');
COMMIT;

-- ----------------------------
--  Table structure for `teachers`
-- ----------------------------
DROP TABLE IF EXISTS `teachers`;
CREATE TABLE `teachers` (
  `id` int(11) NOT NULL AUTO_INCREMENT,
  `name` varchar(255) NOT NULL,
  `avatar` text,
  `position` varchar(255) DEFAULT NULL,
  `title` varchar(255) DEFAULT NULL,
  `description` varchar(255) DEFAULT NULL,
  `view_level` varchar(255) DEFAULT NULL,
  `status` varchar(255) DEFAULT NULL,
  `created_at` timestamp NOT NULL DEFAULT '0000-00-00 00:00:00',
  `updated_at` timestamp NOT NULL DEFAULT '0000-00-00 00:00:00',
  PRIMARY KEY (`id`)
) ENGINE=InnoDB AUTO_INCREMENT=7 DEFAULT CHARSET=utf8;

-- ----------------------------
--  Records of `teachers`
-- ----------------------------
BEGIN;
INSERT INTO `teachers` VALUES ('1', '汤老师', 'images/teachers/516a69060c2dd5abea1a09163ca8275a.png', '校长', '中山大学中文系硕士', '自2009年开始从事艺术教育工作，多年积累了丰富的艺术升学资源及培训机构运营经验，目前为止已培养出二千余学员考取国内外各大艺术院校。', '1', '启用', '2017-12-01 02:42:26', '2017-12-01 09:14:45'), ('2', '黄老师', 'images/teachers/cca6c21ad8a39a24dcd4b354ef56b35d.png', '教学主管', '中央戏剧学院', '有丰富的传媒艺考教学管理经验', '2', '启用', '2017-12-01 06:36:32', '2017-12-05 05:12:35'), ('3', '万老师', 'images/teachers/c347060a50e8b919385c6e2998a61f2b.png', '影视编导资深讲师', '上海戏剧学院', '资深电视栏目导演', '2', '启用', '2017-12-01 06:37:02', '2017-12-05 05:12:46'), ('4', '王老师', 'images/teachers/23306b9613cd0c6dd2feaeed5273ac2d.png', '播音与主持资深讲师', '中国传媒大学', '电视台节目主持人', '3', '启用', '2017-12-01 08:26:09', '2017-12-05 05:12:51'), ('5', '孙老师', 'images/teachers/1e9f1e35766cb18d659e86c0dd93930e.png', '表演与台词讲师', '云南艺术学院艺术硕士', '大学讲师，具有丰富舞台演出经验及教学经验', '3', '启用', '2017-12-01 08:26:59', '2017-12-01 09:15:24'), ('6', '邓老师', 'images/teachers/d14341a741b66b130f86bf81b81a0ac9.png', '资深表演讲师', '上海戏剧学院表演系', null, '0', '启用', '2017-12-01 08:27:36', '2017-12-05 05:13:00');
COMMIT;

-- ----------------------------
--  Table structure for `users`
-- ----------------------------
DROP TABLE IF EXISTS `users`;
CREATE TABLE `users` (
  `id` int(10) unsigned NOT NULL AUTO_INCREMENT,
  `name` varchar(255) COLLATE utf8_unicode_ci NOT NULL,
  `email` varchar(255) COLLATE utf8_unicode_ci NOT NULL,
  `password` varchar(255) COLLATE utf8_unicode_ci NOT NULL,
  `remember_token` varchar(100) COLLATE utf8_unicode_ci DEFAULT NULL,
  `created_at` timestamp NULL DEFAULT NULL,
  `updated_at` timestamp NULL DEFAULT NULL,
  PRIMARY KEY (`id`),
  UNIQUE KEY `users_email_unique` (`email`)
) ENGINE=InnoDB DEFAULT CHARSET=utf8 COLLATE=utf8_unicode_ci;

SET FOREIGN_KEY_CHECKS = 1;
